ExeName,Classification,MenuCount,Capabilities,MnuRefs
CZ100700.EXE,INVENTORY,1,Stock Factors,609/6092
SD400800.EXE,EXECUTABLE,1,Transport Receipt Entry,100/112
SE100120.EXE,IMPORT_EXPORT,1,Import,560/562
SE100140.EXE,CONFIGURATION,1,Configure,560/561
SE100220.EXE,EXECUTABLE,1,Schedule Details,650/656
SE100280.exe,TRANSACTION,1,Purchase Order Configuration,380/390
SE100400.EXE,IMPORT_EXPORT,1,Import,380/383
SE100900.EXE,EXECUTABLE,1,Generation,380/381
SE101000.EXE,EXECUTABLE,1,PO/Indent Conversion,380/389
SE101100.EXE,TRANSACTION,1,Pending Order/Trn Closure,100/110
SE127800.exe,EXECUTABLE,4,Foreclosure | Reopen | Export | Reprint,380/384 | 380/385 | 380/386 | 380/387
SE200300.exe,MASTER,1,Season Catalogue,615/6123
SE201000.EXE,INVENTORY,1,Stock across Chain,470/478
SE201200.EXE,REPORT,1,Status Report,380/388
SE301100.EXE,UTILITY,1,Synchronise Manually,520/522
SE301600.exe,UTILITY,1,Configure Synchronisation,520/523
SE900310.EXE,EXECUTABLE,1,Database Tuning Utility,500/506
SH400600.exe,MASTER,1,Week Catalogue,615/6122
SH400900.EXE,EXECUTABLE,1,Product + Brand Combo Settings,614/6140
SR100200.EXE,FINANCIAL,2,Cash Payouts | Cash Receipts,200/201 | 200/202
SR100300.EXE,REPORT,1,Submission,250/251
SR100400.EXE,EXECUTABLE,1,Realisation,250/252
SR101000.exe,INVENTORY,1,Physical Verification,300/312
SR101900.EXE,FINANCIAL,1,Payments to HO,260/261
SR115500.EXE,EXECUTABLE,3,Sales Advice Slips | Service Order | Sales Order,100/104 | 100/105 | 100/106
SR120100.EXE,TRANSACTION,1,Walk-in Entry,100/108
SR122000.exe,MASTER,1,Item Master,600/606
SR123000.EXE,INVENTORY,1,Stock Number Methodology,720/723
SR127000.EXE,INVENTORY,1,Goods Inwards,300/313
SR129500.EXE,INVENTORY,1,Goods Inwards Size-wise,300/314
SR130000.EXE,TRANSACTION,1,Billing,100/101
SR131400.EXE,TRANSACTION,1,Sales Order Conversion,100/107
SR138900.EXE,FINANCIAL,6,Till Status | Set Opening Balance | Cash Lift | Reconciliation | Open Cash Drawer | Till - Reprint,270/271 | 270/272 | 270/273 | 270/274 | 270/275 | 270/276
SR142500.EXE,FINANCIAL,3,Collect Payment | Set Opening Balance | Clear Credit Note,280/281 | 280/282 | 280/283
SR143500.EXE,EXECUTABLE,1,Multiple Price,614/6141
SR144100.Exe,INVENTORY,1,Goods Outwards,300/315
SR202000.EXE,EXECUTABLE,1,Bill-wise Items,410/415
SR202100.EXE,EXECUTABLE,1,Discount Given,410/416
SR202200.EXE,EXECUTABLE,1,Item-wise Sales,410/413
SR202300.EXE,REPORT,1,Tax Register,410/414
SR202400.EXE,EXECUTABLE,1,Bill-wise Sales,410/412
SR202500.EXE,EXECUTABLE,1,Balance,430/431
SR202700.EXE,REPORT,1,Analysis,430/433
SR202800.EXE,REPORT,1,Transaction-wise Goods Register,450/451
SR202900.EXE,EXECUTABLE,1,Statement,430/434
SR203000.EXE,EXECUTABLE,1,Movement,430/432
SR203100.EXE,FINANCIAL,1,Cash Transaction,460/461
SR203200.EXE,REPORT,1,Pending Submissions / Realisations,460/463
SR203300.EXE,REPORT,1,Submission / Realisation List,460/462
SR203400.EXE,EXECUTABLE,1,Franchisee Outstanding,260/263
SR203500.exe,REPORT,1,Physical Stock Report - Batch-wise,350/354
SR203600.exe,EXECUTABLE,1,Price,650/651
SR203700.EXE,EXECUTABLE,1,Monthly Sales Comparison,470/471
SR203800.EXE,EXECUTABLE,1,Rate Variation,470/472
SR203900.EXE,REPORT,1,Sales Analysis,470/473
SR208400.EXE,EXECUTABLE,1,Bill-wise,490/492
SR208500.EXE,EXECUTABLE,1,Period-wise,490/491
SR208600.EXE,EXECUTABLE,1,Product-wise,490/493
SR209500.EXE,EXECUTABLE,1,Day-wise Sales Summary,410/423
SR209600.EXE,EXECUTABLE,1,Top Selling Items,410/418
SR210000.EXE,EXECUTABLE,1,Salesperson Sales,410/419
SR210100.EXE,EXECUTABLE,1,Cancelled Bills,410/420
SR210200.EXE,TRANSACTION,1,Returned Bills,410/421
SR210300.EXE,EXECUTABLE,1,Balance - Style / Model wise,430/435
SR210600.EXE,EXECUTABLE,1,Counter-wise Details,460/464
SR210700.EXE,IMPORT_EXPORT,1,PT File Information,300/316
SR211000.EXE,REPORT,1,Physical vs Computed Stock Report,350/352
SR211600.EXE,EXECUTABLE,1,Discrepancy,430/436
SR212600.EXE,REPORT,1,Item-wise Goods Register,450/452
SR212700.EXE,EXECUTABLE,1,Credit Note Status,460/465
SR212900.EXE,FINANCIAL,1,Counter Summary across Cashiers,460/466
SR213300.EXE,REPORT,1,Physical Stock Report,350/353
SR213600.EXE,EXECUTABLE,1,Daily Sales Book,410/411
SR213800.EXE,REPORT,1,Transaction Ledger,430/437
SR214100.EXE,TRANSACTION,1,Item-wise Sales Returns,410/425
SR215600.EXE,EXECUTABLE,1,Pending Transactions,470/475
SR216000.EXE,INVENTORY,1,Superclass-wise Sales / Stock,470/477
SR216300.exe,EXECUTABLE,1,Sales Factors,650/655
SR217700.EXE,EXECUTABLE,1,Audit Trail - Size-wise,450/453
SR217900.EXE,EXECUTABLE,1,Balance as on Date,430/439
SR221600.EXE,EXECUTABLE,1,Salesperson Summary,410/426
SR222800.EXE,TRANSACTION,1,Walk-in Details,470/476
SR229700.exe,EXECUTABLE,1,Gross Margin,470/480
SR230400.EXE,EXECUTABLE,1,Sales Promotions,650/654
SR230500.EXE,MASTER,3,Define Price Revisions | Price Revision | Price Revision Authorisation,600/607 | 650/652 | 750/770
SR231900.EXE,EXECUTABLE,1,Node-wise Details,410/427
SR233000.EXE,EXECUTABLE,1,Transaction Details with Image,470/479
SR233500.exe,PRINT,1,Bill Re-Print,470/481
SR233600.EXE,EXECUTABLE,1,Aging,430/441
SR233700.EXE,INVENTORY,1,Inward Discrepancy,430/442
SR234300.EXE,CONFIGURATION,1,Terminal Prefix,650/657
SR234400.EXE,EXECUTABLE,1,Advance Receipt Status,460/467
SR234900.exe,EXECUTABLE,1,Sales Promotions,470/482
SR235400.EXE,REPORT,1,Status Report,520/524
SR236300.Exe,EXECUTABLE,3,Attribute + Size wise | Attribute + Size wise | Attribute-wise Sales and Stock,410/422 | 430/438 | 470/474
SR238000.Exe,REPORT,1,Tax Register,430/443
SR238400.EXE,EXECUTABLE,1,Salesperson-wise Discount,470/483
SR239600.EXE,REPORT,2,Reconciliation Report | Till Status Report,460/469 | 460/470
SR239800.Exe,EXECUTABLE,1,Void Transactions,430/444
SR240000.EXE,REPORT,1,Excise Report,470/491
SR240400.EXE,FINANCIAL,1,Till Activity Log,460/471
SR241600.EXE,INVENTORY,1,Physical Verification Status,430/446
SR241700.EXE,INVENTORY,1,Stock Availability,430/445
SR242500.EXE,EXECUTABLE,1,Customers,650/658
SR242900.EXE,EXECUTABLE,1,Credit Sale,460/4702
SR244000.exe,REPORT,1,Personnel Listing,650/660
SR244300.exe,REPORT,1,Price Listing-New,650/661
SR244700.EXE,REPORT,1,Incentive Analysis,470/492
SR309000.EXE,UTILITY,3,Backup | Restore | Compact,500/503 | 500/504 | 500/505
SR309700.EXE,IMPORT_EXPORT,1,ID / IM Flat File,550/554
SR309900.EXE,EXECUTABLE,1,CLOSE Day,500/502
SR311400.EXE,IMPORT_EXPORT,1,Send Flat Files to HO,520/521
SR311900.EXE,UTILITY,1,Purge Data,500/507
SR312200.EXE,EXECUTABLE,1,Customer Information,550/555
SR312300.EXE,EXECUTABLE,1,Customer Information,530/533
SR320500.exe,MASTER,1,Item Master,530/531
SR320800.EXE,EXECUTABLE,1,Data Rebuild,750/756
SR322300.EXE,EXECUTABLE,1,Pricing Details,550/553
SR322600.Exe,EXECUTABLE,1,OPEN Day,500/501
SR323300.EXE,FINANCIAL,1,Change Payment Mode,100/109
SR323400.EXE,INVENTORY,1,Physical Stock Management,350/351
SR323600.EXE,PRINT,1,Print Address Labels,613/6134
SR324400.exe,IMPORT_EXPORT,1,Import DC / Master from PT File,300/311
SR325500.EXE,IMPORT_EXPORT,1,Import Items from Secondary to Primary Db.,530/537
SR327100.EXE,IMPORT_EXPORT,1,Create PT File,550/552
SR329700.EXE,EXECUTABLE,1,Database Archival,750/760
SR329900.EXE,UTILITY,1,Delete Backup File,500/510
SR330700.EXE,EXECUTABLE,1,Price Revision,530/532
SR332800.EXE,EXECUTABLE,1,Active Sales Promotions,530/535
SR333100.Exe,EXECUTABLE,1,Re-Open Day,750/759
SR404700.EXE,EXECUTABLE,1,Customer Price Group,613/6131
SR404800.EXE,EXECUTABLE,1,Vendor,600/602
SR404900.EXE,MASTER,1,Item Classification,600/604
SR405300.EXE,EXECUTABLE,1,HO Chain Stores,600/611
SR405600.EXE,FINANCIAL,1,Payment Mode,600/610
SR405800.EXE,EXECUTABLE,1,Sales Factors,609/6091
SR406500.exe,EXECUTABLE,1,Company Maintenance,700/712
SR410800.EXE,EXECUTABLE,1,Pay-in Slip Generation,260/265
SR413000.EXE,INVENTORY,1,Design Label for Barcode Printers,370/371
SR413100.EXE,PRINT,1,Print Labels,370/374
SR413400.EXE,EXECUTABLE,1,Node Management,750/755
SR426400.EXE,CONFIGURATION,1,System Parameters,720/721
SR428100.Exe,EXECUTABLE,1,Year End Process,750/758
SR428200.EXE,PRINT,1,Printing Templates,720/724
SR428700.EXE,IMPORT_EXPORT,1,Flat File Values,720/725
SR428900.Exe,EXECUTABLE,3,Shoper Help | About Shoper | Live Chat,800/801 | 800/803 | 800/804
SR429000.exe,EXECUTABLE,1,Create Secondary Database,700/713
SR429200.EXE,EXECUTABLE,1,General Lookup,600/601
SR429300.EXE,TRANSACTION,1,Cash / Purchase Order Prefix,720/727
SR430100.EXE,EXECUTABLE,1,Size Management,600/605
SR430300.EXE,EXECUTABLE,2,Sales Promotions | Define Sales Promotions,530/538 | 600/608
SR430600.Exe,EXECUTABLE,1,Franchisee Details Form,260/262
SR430800.EXE,MASTER,1,Style Catalogue,650/653
SR430900.EXE,EXECUTABLE,1,Customer Mailer,613/6133
SR431000.EXE,CONFIGURATION,1,Tally Interface - Mapping,720/728
SR431200.EXE,PRINT,2,Design Label for Standard Printers | Design Layout for Standard Printers,370/372 | 370/373
SR431500.EXE,EXECUTABLE,1,Post Transactions to Tally,550/551
SR431700.EXE,EXECUTABLE,6,Change Company Information | Delete Mapping | Changes Master | Manage Missing Vouchers | Offline Re-posting | Voucher Comparison Utility,740/741 | 740/742 | 740/743 | 740/744 | 740/745 | 740/746
SR431800.EXE,CONFIGURATION,1,Tally Interface - HSN Mapping,720/729
SR432000.exe,EXECUTABLE,1,Company Creation,700/711
SR435600.EXE,REPORT,21,Schedule for &Reports | Activity Log | Support Centre | Bill-wise | Product-wise | Product + Brand-wise,500/580 | 500/581 | 800/802 | 910/911 | 910/912 | 910/913
SR435700.exe,EXECUTABLE,1,Manage DayEnd/ DayBegin Activity List,750/765
SR438500.EXE,PRINT,1,Print Engine Configuration,720/804
SR438600.EXE,CONFIGURATION,1,Bill Prefix,720/722
SR439400.EXE,EXECUTABLE,1,Item Reclassification,750/771
SR439900.EXE,EXECUTABLE,1,Excise Duty,603/6033
SR440100.EXE,TRANSACTION,1,Excise Invoice Generation,100/111
SR440700.EXE,INVENTORY,1,Carton,360/362
SR440900.EXE,EXECUTABLE,1,Packing,360/363
SR441100.EXE,INVENTORY,1,Carton Type Creation,360/361
SR442300.EXE,MASTER,1,Customer Catalogue,613/6132
SR442900.EXE,MASTER,1,Personnel Catalogue,612/6121
SR443900.exe,EXECUTABLE,1,Incentive Definition,612/6124
SR708100.EXE,EXECUTABLE,2,Sales Tax | Purchase Tax,603/6031 | 603/6032
SR721000.EXE,EXECUTABLE,1,Delete Temporary Tables,500/509
SR721500.EXE,EXECUTABLE,1,Tax Re-computation,750/772
SR730000.EXE,EXECUTABLE,1,Cost price Variance Fixing,750/757
