barcode,style_code,item_description,brand,category,color,size,planned_mrp,selling_price,cost_price,hsn_code,gst_percentage,stock_quantity
7007007007001,CH-01-A,BASIC,TATTLY THREADS,Apparel,CHIKKU,35,1899.0,1899.0,375.0,,5.0,100
7007007007002,CH-01-A,BASIC,TATTLY THREADS,Apparel,CHIKKU,36,1899.0,1899.0,375.0,,5.0,100
7007007007003,CH-01-A,BASIC,TATTLY THREADS,Apparel,CHIKKU,37,1899.0,1899.0,375.0,,5.0,100
7007007007004,CH-01-A,BASIC,TATTLY THREADS,Apparel,CHIKKU,38,1899.0,1899.0,375.0,,5.0,100
7007007007005,CH-01-A,BASIC,TATTLY THREADS,Apparel,CHIKKU,39,1899.0,1899.0,375.0,,5.0,100
7007007007006,CH-01-A,BASIC,TATTLY THREADS,Apparel,CHIKKU,40,1899.0,1899.0,375.0,,5.0,100
7007007007007,CH-01-A,BASIC,TATTLY THREADS,Apparel,CHIKKU,41,1899.0,1899.0,375.0,,5.0,100
7007007007008,CH-01-A,BASIC,TATTLY THREADS,Apparel,CHIKKU,42,1899.0,1899.0,375.0,,5.0,100
7007007007009,CH-01-A,BASIC,TATTLY THREADS,Apparel,MUSTARD,35,1899.0,1899.0,375.0,,5.0,100
7007007007010,CH-01-A,BASIC,TATTLY THREADS,Apparel,MUSTARD,36,1899.0,1899.0,375.0,,5.0,100
7007007007011,CH-01-A,BASIC,TATTLY THREADS,Apparel,MUSTARD,37,1899.0,1899.0,375.0,,5.0,100
7007007007012,CH-01-A,BASIC,TATTLY THREADS,Apparel,MUSTARD,38,1899.0,1899.0,375.0,,5.0,100
7007007007013,CH-01-A,BASIC,TATTLY THREADS,Apparel,MUSTARD,39,1899.0,1899.0,375.0,,5.0,100
7007007007014,CH-01-A,BASIC,TATTLY THREADS,Apparel,MUSTARD,40,1899.0,1899.0,375.0,,5.0,100
7007007007015,CH-01-A,BASIC,TATTLY THREADS,Apparel,MUSTARD,41,1899.0,1899.0,375.0,,5.0,100
7007007007016,CH-01-A,BASIC,TATTLY THREADS,Apparel,MUSTARD,42,1899.0,1899.0,375.0,,5.0,100
7007007007017,CH-02-A,COMFORT,TATTLY THREADS,Apparel,BLACK,35,2599.0,2599.0,540.0,,5.0,100
7007007007018,CH-02-A,COMFORT,TATTLY THREADS,Apparel,BLACK,36,2599.0,2599.0,540.0,,5.0,100
7007007007019,CH-02-A,COMFORT,TATTLY THREADS,Apparel,BLACK,37,2599.0,2599.0,540.0,,5.0,100
7007007007020,CH-02-A,COMFORT,TATTLY THREADS,Apparel,BLACK,38,2599.0,2599.0,540.0,,5.0,100
7007007007021,CH-02-A,COMFORT,TATTLY THREADS,Apparel,BLACK,39,2599.0,2599.0,540.0,,5.0,100
7007007007022,CH-02-A,COMFORT,TATTLY THREADS,Apparel,BLACK,40,2599.0,2599.0,540.0,,5.0,100
7007007007023,CH-02-A,COMFORT,TATTLY THREADS,Apparel,BLACK,41,2599.0,2599.0,540.0,,5.0,100
7007007007024,CH-02-A,COMFORT,TATTLY THREADS,Apparel,BLACK,42,2599.0,2599.0,540.0,,5.0,100
7007007007025,CH-02-A,COMFORT,TATTLY THREADS,Apparel,BRONZE,35,2599.0,2599.0,540.0,,5.0,100
7007007007026,CH-02-A,COMFORT,TATTLY THREADS,Apparel,BRONZE,36,2599.0,2599.0,540.0,,5.0,100
7007007007027,CH-02-A,COMFORT,TATTLY THREADS,Apparel,BRONZE,37,2599.0,2599.0,540.0,,5.0,100
7007007007028,CH-02-A,COMFORT,TATTLY THREADS,Apparel,BRONZE,38,2599.0,2599.0,540.0,,5.0,100
7007007007029,CH-02-A,COMFORT,TATTLY THREADS,Apparel,BRONZE,39,2599.0,2599.0,540.0,,5.0,100
7007007007030,CH-02-A,COMFORT,TATTLY THREADS,Apparel,BRONZE,40,2599.0,2599.0,540.0,,5.0,100
7007007007031,CH-02-A,COMFORT,TATTLY THREADS,Apparel,BRONZE,41,2599.0,2599.0,540.0,,5.0,100
7007007007032,CH-02-A,COMFORT,TATTLY THREADS,Apparel,BRONZE,42,2599.0,2599.0,540.0,,5.0,100
7007007007033,CH-03-A,COMFORT,TATTLY THREADS,Apparel,GOLD,35,2599.0,2599.0,540.0,,5.0,100
7007007007034,CH-03-A,COMFORT,TATTLY THREADS,Apparel,GOLD,36,2599.0,2599.0,540.0,,5.0,100
7007007007035,CH-03-A,COMFORT,TATTLY THREADS,Apparel,GOLD,37,2599.0,2599.0,540.0,,5.0,100
7007007007036,CH-03-A,COMFORT,TATTLY THREADS,Apparel,GOLD,38,2599.0,2599.0,540.0,,5.0,100
7007007007037,CH-03-A,COMFORT,TATTLY THREADS,Apparel,GOLD,39,2599.0,2599.0,540.0,,5.0,100
7007007007038,CH-03-A,COMFORT,TATTLY THREADS,Apparel,GOLD,40,2599.0,2599.0,540.0,,5.0,100
7007007007039,CH-03-A,COMFORT,TATTLY THREADS,Apparel,GOLD,41,2599.0,2599.0,540.0,,5.0,100
7007007007040,CH-03-A,COMFORT,TATTLY THREADS,Apparel,GOLD,42,2599.0,2599.0,540.0,,5.0,100
7007007007041,CH-03-A,COMFORT,TATTLY THREADS,Apparel,R-GOLD,35,2599.0,2599.0,540.0,,5.0,100
7007007007042,CH-03-A,COMFORT,TATTLY THREADS,Apparel,R-GOLD,36,2599.0,2599.0,540.0,,5.0,100
7007007007043,CH-03-A,COMFORT,TATTLY THREADS,Apparel,R-GOLD,37,2599.0,2599.0,540.0,,5.0,100
7007007007044,CH-03-A,COMFORT,TATTLY THREADS,Apparel,R-GOLD,38,2599.0,2599.0,540.0,,5.0,100
7007007007045,CH-03-A,COMFORT,TATTLY THREADS,Apparel,R-GOLD,39,2599.0,2599.0,540.0,,5.0,100
7007007007046,CH-03-A,COMFORT,TATTLY THREADS,Apparel,R-GOLD,40,2599.0,2599.0,540.0,,5.0,100
7007007007047,CH-03-A,COMFORT,TATTLY THREADS,Apparel,R-GOLD,41,2599.0,2599.0,540.0,,5.0,100
7007007007048,CH-03-A,COMFORT,TATTLY THREADS,Apparel,R-GOLD,42,2599.0,2599.0,540.0,,5.0,100
7007007007049,CH-04-A,BASIC,TATTLY THREADS,Apparel,BLACK,35,1899.0,1899.0,375.0,,5.0,100
7007007007050,CH-04-A,BASIC,TATTLY THREADS,Apparel,BLACK,36,1899.0,1899.0,375.0,,5.0,100
7007007007051,CH-04-A,BASIC,TATTLY THREADS,Apparel,BLACK,37,1899.0,1899.0,375.0,,5.0,100
7007007007052,CH-04-A,BASIC,TATTLY THREADS,Apparel,BLACK,38,1899.0,1899.0,375.0,,5.0,100
7007007007053,CH-04-A,BASIC,TATTLY THREADS,Apparel,BLACK,39,1899.0,1899.0,375.0,,5.0,100
7007007007054,CH-04-A,BASIC,TATTLY THREADS,Apparel,BLACK,40,1899.0,1899.0,375.0,,5.0,100
7007007007055,CH-04-A,BASIC,TATTLY THREADS,Apparel,BLACK,41,1899.0,1899.0,375.0,,5.0,100
7007007007056,CH-04-A,BASIC,TATTLY THREADS,Apparel,BLACK,42,1899.0,1899.0,375.0,,5.0,100
7007007007057,CH-04-A,BASIC,TATTLY THREADS,Apparel,CREAM,35,1899.0,1899.0,375.0,,5.0,100
7007007007058,CH-04-A,BASIC,TATTLY THREADS,Apparel,CREAM,36,1899.0,1899.0,375.0,,5.0,100
7007007007059,CH-04-A,BASIC,TATTLY THREADS,Apparel,CREAM,37,1899.0,1899.0,375.0,,5.0,100
7007007007060,CH-04-A,BASIC,TATTLY THREADS,Apparel,CREAM,38,1899.0,1899.0,375.0,,5.0,100
7007007007061,CH-04-A,BASIC,TATTLY THREADS,Apparel,CREAM,39,1899.0,1899.0,375.0,,5.0,100
7007007007062,CH-04-A,BASIC,TATTLY THREADS,Apparel,CREAM,40,1899.0,1899.0,375.0,,5.0,100
7007007007063,CH-04-A,BASIC,TATTLY THREADS,Apparel,CREAM,41,1899.0,1899.0,375.0,,5.0,100
7007007007064,CH-04-A,BASIC,TATTLY THREADS,Apparel,CREAM,42,1899.0,1899.0,375.0,,5.0,100
7007007007065,CH-05-B,BASIC,TATTLY THREADS,Apparel,BLACK,35,2199.0,2199.0,450.0,,5.0,100
7007007007066,CH-05-B,BASIC,TATTLY THREADS,Apparel,BLACK,36,2199.0,2199.0,450.0,,5.0,100
7007007007067,CH-05-B,BASIC,TATTLY THREADS,Apparel,BLACK,37,2199.0,2199.0,450.0,,5.0,100
7007007007068,CH-05-B,BASIC,TATTLY THREADS,Apparel,BLACK,38,2199.0,2199.0,450.0,,5.0,100
7007007007069,CH-05-B,BASIC,TATTLY THREADS,Apparel,BLACK,39,2199.0,2199.0,450.0,,5.0,100
7007007007070,CH-05-B,BASIC,TATTLY THREADS,Apparel,BLACK,40,2199.0,2199.0,450.0,,5.0,100
7007007007071,CH-05-B,BASIC,TATTLY THREADS,Apparel,BLACK,41,2199.0,2199.0,450.0,,5.0,100
7007007007072,CH-05-B,BASIC,TATTLY THREADS,Apparel,BLACK,42,2199.0,2199.0,450.0,,5.0,100
7007007007073,CH-05-B,BASIC,TATTLY THREADS,Apparel,WHITE,35,2199.0,2199.0,450.0,,5.0,100
7007007007074,CH-05-B,BASIC,TATTLY THREADS,Apparel,WHITE,36,2199.0,2199.0,450.0,,5.0,100
7007007007075,CH-05-B,BASIC,TATTLY THREADS,Apparel,WHITE,37,2199.0,2199.0,450.0,,5.0,100
7007007007076,CH-05-B,BASIC,TATTLY THREADS,Apparel,WHITE,38,2199.0,2199.0,450.0,,5.0,100
7007007007077,CH-05-B,BASIC,TATTLY THREADS,Apparel,WHITE,39,2199.0,2199.0,450.0,,5.0,100
7007007007078,CH-05-B,BASIC,TATTLY THREADS,Apparel,WHITE,40,2199.0,2199.0,450.0,,5.0,100
7007007007079,CH-05-B,BASIC,TATTLY THREADS,Apparel,WHITE,41,2199.0,2199.0,450.0,,5.0,100
7007007007080,CH-05-B,BASIC,TATTLY THREADS,Apparel,WHITE,42,2199.0,2199.0,450.0,,5.0,100
7007007007081,CH-06-B,BASIC,TATTLY THREADS,Apparel,BLACK,35,2199.0,2199.0,450.0,,5.0,100
7007007007082,CH-06-B,BASIC,TATTLY THREADS,Apparel,BLACK,36,2199.0,2199.0,450.0,,5.0,100
7007007007083,CH-06-B,BASIC,TATTLY THREADS,Apparel,BLACK,37,2199.0,2199.0,450.0,,5.0,100
7007007007084,CH-06-B,BASIC,TATTLY THREADS,Apparel,BLACK,38,2199.0,2199.0,450.0,,5.0,100
7007007007085,CH-06-B,BASIC,TATTLY THREADS,Apparel,BLACK,39,2199.0,2199.0,450.0,,5.0,100
7007007007086,CH-06-B,BASIC,TATTLY THREADS,Apparel,BLACK,40,2199.0,2199.0,450.0,,5.0,100
7007007007087,CH-06-B,BASIC,TATTLY THREADS,Apparel,BLACK,41,2199.0,2199.0,450.0,,5.0,100
7007007007088,CH-06-B,BASIC,TATTLY THREADS,Apparel,BLACK,42,2199.0,2199.0,450.0,,5.0,100
7007007007089,CH-06-B,BASIC,TATTLY THREADS,Apparel,CREAM,35,2199.0,2199.0,450.0,,5.0,100
7007007007090,CH-06-B,BASIC,TATTLY THREADS,Apparel,CREAM,36,2199.0,2199.0,450.0,,5.0,100
7007007007091,CH-06-B,BASIC,TATTLY THREADS,Apparel,CREAM,37,2199.0,2199.0,450.0,,5.0,100
7007007007092,CH-06-B,BASIC,TATTLY THREADS,Apparel,CREAM,38,2199.0,2199.0,450.0,,5.0,100
7007007007093,CH-06-B,BASIC,TATTLY THREADS,Apparel,CREAM,39,2199.0,2199.0,450.0,,5.0,100
7007007007094,CH-06-B,BASIC,TATTLY THREADS,Apparel,CREAM,40,2199.0,2199.0,450.0,,5.0,100
7007007007095,CH-06-B,BASIC,TATTLY THREADS,Apparel,CREAM,41,2199.0,2199.0,450.0,,5.0,100
7007007007096,CH-06-B,BASIC,TATTLY THREADS,Apparel,CREAM,42,2199.0,2199.0,450.0,,5.0,100
7007007007097,CH-07-B,BASIC,TATTLY THREADS,Apparel,BLACK,35,2199.0,2199.0,450.0,,5.0,100
7007007007098,CH-07-B,BASIC,TATTLY THREADS,Apparel,BLACK,36,2199.0,2199.0,450.0,,5.0,100
7007007007099,CH-07-B,BASIC,TATTLY THREADS,Apparel,BLACK,37,2199.0,2199.0,450.0,,5.0,100
7007007007100,CH-07-B,BASIC,TATTLY THREADS,Apparel,BLACK,38,2199.0,2199.0,450.0,,5.0,100
7007007007101,CH-07-B,BASIC,TATTLY THREADS,Apparel,BLACK,39,2199.0,2199.0,450.0,,5.0,100
7007007007102,CH-07-B,BASIC,TATTLY THREADS,Apparel,BLACK,40,2199.0,2199.0,450.0,,5.0,100
7007007007103,CH-07-B,BASIC,TATTLY THREADS,Apparel,BLACK,41,2199.0,2199.0,450.0,,5.0,100
7007007007104,CH-07-B,BASIC,TATTLY THREADS,Apparel,BLACK,42,2199.0,2199.0,450.0,,5.0,100
7007007007105,CH-07-B,BASIC,TATTLY THREADS,Apparel,CHIKKU,35,2199.0,2199.0,450.0,,5.0,100
7007007007106,CH-07-B,BASIC,TATTLY THREADS,Apparel,CHIKKU,36,2199.0,2199.0,450.0,,5.0,100
7007007007107,CH-07-B,BASIC,TATTLY THREADS,Apparel,CHIKKU,37,2199.0,2199.0,450.0,,5.0,100
7007007007108,CH-07-B,BASIC,TATTLY THREADS,Apparel,CHIKKU,38,2199.0,2199.0,450.0,,5.0,100
7007007007109,CH-07-B,BASIC,TATTLY THREADS,Apparel,CHIKKU,39,2199.0,2199.0,450.0,,5.0,100
7007007007110,CH-07-B,BASIC,TATTLY THREADS,Apparel,CHIKKU,40,2199.0,2199.0,450.0,,5.0,100
7007007007111,CH-07-B,BASIC,TATTLY THREADS,Apparel,CHIKKU,41,2199.0,2199.0,450.0,,5.0,100
7007007007112,CH-07-B,BASIC,TATTLY THREADS,Apparel,CHIKKU,42,2299.0,2299.0,450.0,,5.0,100
7007007007113,CH-08-B,BASIC,TATTLY THREADS,Apparel,BLACK,35,2299.0,2299.0,450.0,,5.0,100
7007007007114,CH-08-B,BASIC,TATTLY THREADS,Apparel,BLACK,36,2299.0,2299.0,450.0,,5.0,100
7007007007115,CH-08-B,BASIC,TATTLY THREADS,Apparel,BLACK,37,2299.0,2299.0,450.0,,5.0,100
7007007007116,CH-08-B,BASIC,TATTLY THREADS,Apparel,BLACK,38,2299.0,2299.0,450.0,,5.0,100
7007007007117,CH-08-B,BASIC,TATTLY THREADS,Apparel,BLACK,39,2299.0,2299.0,450.0,,5.0,100
7007007007118,CH-08-B,BASIC,TATTLY THREADS,Apparel,BLACK,40,2299.0,2299.0,450.0,,5.0,100
7007007007119,CH-08-B,BASIC,TATTLY THREADS,Apparel,BLACK,41,2299.0,2299.0,450.0,,5.0,100
7007007007120,CH-08-B,BASIC,TATTLY THREADS,Apparel,BLACK,42,2299.0,2299.0,450.0,,5.0,100
7007007007121,CH-08-B,BASIC,TATTLY THREADS,Apparel,BROWN,35,2299.0,2299.0,450.0,,5.0,100
7007007007122,CH-08-B,BASIC,TATTLY THREADS,Apparel,BROWN,36,2299.0,2299.0,450.0,,5.0,100
7007007007123,CH-08-B,BASIC,TATTLY THREADS,Apparel,BROWN,37,2299.0,2299.0,450.0,,5.0,100
7007007007124,CH-08-B,BASIC,TATTLY THREADS,Apparel,BROWN,38,2299.0,2299.0,450.0,,5.0,100
7007007007125,CH-08-B,BASIC,TATTLY THREADS,Apparel,BROWN,39,2299.0,2299.0,450.0,,5.0,100
7007007007126,CH-08-B,BASIC,TATTLY THREADS,Apparel,BROWN,40,2299.0,2299.0,450.0,,5.0,100
7007007007127,CH-08-B,BASIC,TATTLY THREADS,Apparel,BROWN,41,2299.0,2299.0,450.0,,5.0,100
7007007007128,CH-08-B,BASIC,TATTLY THREADS,Apparel,BROWN,42,2299.0,2299.0,450.0,,5.0,100
7007007007129,CH-09-B,BASIC,TATTLY THREADS,Apparel,BLACK,35,2299.0,2299.0,460.0,,5.0,100
7007007007130,CH-09-B,BASIC,TATTLY THREADS,Apparel,BLACK,36,2299.0,2299.0,460.0,,5.0,100
7007007007131,CH-09-B,BASIC,TATTLY THREADS,Apparel,BLACK,37,2299.0,2299.0,460.0,,5.0,100
7007007007132,CH-09-B,BASIC,TATTLY THREADS,Apparel,BLACK,38,2299.0,2299.0,460.0,,5.0,100
7007007007133,CH-09-B,BASIC,TATTLY THREADS,Apparel,BLACK,39,2299.0,2299.0,460.0,,5.0,100
7007007007134,CH-09-B,BASIC,TATTLY THREADS,Apparel,BLACK,40,2299.0,2299.0,460.0,,5.0,100
7007007007135,CH-09-B,BASIC,TATTLY THREADS,Apparel,BLACK,41,2299.0,2299.0,460.0,,5.0,100
7007007007136,CH-09-B,BASIC,TATTLY THREADS,Apparel,BLACK,42,2299.0,2299.0,460.0,,5.0,100
7007007007137,CH-09-B,BASIC,TATTLY THREADS,Apparel,BEIGE,35,2299.0,2299.0,460.0,,5.0,100
7007007007138,CH-09-B,BASIC,TATTLY THREADS,Apparel,BEIGE,36,2299.0,2299.0,460.0,,5.0,100
7007007007139,CH-09-B,BASIC,TATTLY THREADS,Apparel,BEIGE,37,2299.0,2299.0,460.0,,5.0,100
7007007007140,CH-09-B,BASIC,TATTLY THREADS,Apparel,BEIGE,38,2299.0,2299.0,460.0,,5.0,100
7007007007141,CH-09-B,BASIC,TATTLY THREADS,Apparel,BEIGE,39,2299.0,2299.0,460.0,,5.0,100
7007007007142,CH-09-B,BASIC,TATTLY THREADS,Apparel,BEIGE,40,2299.0,2299.0,460.0,,5.0,100
7007007007143,CH-09-B,BASIC,TATTLY THREADS,Apparel,BEIGE,41,2299.0,2299.0,460.0,,5.0,100
7007007007144,CH-09-B,BASIC,TATTLY THREADS,Apparel,BEIGE,42,2299.0,2299.0,460.0,,5.0,100
7007007007145,CH-10-B,BASIC,TATTLY THREADS,Apparel,MUSTARD,35,2299.0,2299.0,460.0,,5.0,100
7007007007146,CH-10-B,BASIC,TATTLY THREADS,Apparel,MUSTARD,36,2299.0,2299.0,460.0,,5.0,100
7007007007147,CH-10-B,BASIC,TATTLY THREADS,Apparel,MUSTARD,37,2299.0,2299.0,460.0,,5.0,100
7007007007148,CH-10-B,BASIC,TATTLY THREADS,Apparel,MUSTARD,38,2299.0,2299.0,460.0,,5.0,100
7007007007149,CH-10-B,BASIC,TATTLY THREADS,Apparel,MUSTARD,39,2299.0,2299.0,460.0,,5.0,100
7007007007150,CH-10-B,BASIC,TATTLY THREADS,Apparel,MUSTARD,40,2299.0,2299.0,460.0,,5.0,100
7007007007151,CH-10-B,BASIC,TATTLY THREADS,Apparel,MUSTARD,41,2299.0,2299.0,460.0,,5.0,100
7007007007152,CH-10-B,BASIC,TATTLY THREADS,Apparel,MUSTARD,42,2299.0,2299.0,460.0,,5.0,100
7007007007153,CH-10-B,BASIC,TATTLY THREADS,Apparel,WHITE,35,2299.0,2299.0,460.0,,5.0,100
7007007007154,CH-10-B,BASIC,TATTLY THREADS,Apparel,WHITE,36,2299.0,2299.0,460.0,,5.0,100
7007007007155,CH-10-B,BASIC,TATTLY THREADS,Apparel,WHITE,37,2299.0,2299.0,460.0,,5.0,100
7007007007156,CH-10-B,BASIC,TATTLY THREADS,Apparel,WHITE,38,2299.0,2299.0,460.0,,5.0,100
7007007007157,CH-10-B,BASIC,TATTLY THREADS,Apparel,WHITE,39,2299.0,2299.0,460.0,,5.0,100
7007007007158,CH-10-B,BASIC,TATTLY THREADS,Apparel,WHITE,40,2299.0,2299.0,460.0,,5.0,100
7007007007159,CH-10-B,BASIC,TATTLY THREADS,Apparel,WHITE,41,2299.0,2299.0,460.0,,5.0,100
7007007007160,CH-10-B,BASIC,TATTLY THREADS,Apparel,WHITE,42,2299.0,2299.0,460.0,,5.0,100
7007007007161,CH-11-C,PARTY,TATTLY THREADS,Apparel,BLACK,35,2199.0,2199.0,440.0,,5.0,100
7007007007162,CH-11-C,PARTY,TATTLY THREADS,Apparel,BLACK,36,2199.0,2199.0,440.0,,5.0,100
7007007007163,CH-11-C,PARTY,TATTLY THREADS,Apparel,BLACK,37,2199.0,2199.0,440.0,,5.0,100
7007007007164,CH-11-C,PARTY,TATTLY THREADS,Apparel,BLACK,38,2199.0,2199.0,440.0,,5.0,100
7007007007165,CH-11-C,PARTY,TATTLY THREADS,Apparel,BLACK,39,2199.0,2199.0,440.0,,5.0,100
7007007007166,CH-11-C,PARTY,TATTLY THREADS,Apparel,BLACK,40,2199.0,2199.0,440.0,,5.0,100
7007007007167,CH-11-C,PARTY,TATTLY THREADS,Apparel,BLACK,41,2199.0,2199.0,440.0,,5.0,100
7007007007168,CH-11-C,PARTY,TATTLY THREADS,Apparel,BLACK,42,2199.0,2199.0,440.0,,5.0,100
7007007007169,CH-11-C,PARTY,TATTLY THREADS,Apparel,BRONZE,35,2199.0,2199.0,440.0,,5.0,100
7007007007170,CH-11-C,PARTY,TATTLY THREADS,Apparel,BRONZE,36,2199.0,2199.0,440.0,,5.0,100
7007007007171,CH-11-C,PARTY,TATTLY THREADS,Apparel,BRONZE,37,2199.0,2199.0,440.0,,5.0,100
7007007007172,CH-11-C,PARTY,TATTLY THREADS,Apparel,BRONZE,38,2199.0,2199.0,440.0,,5.0,100
7007007007173,CH-11-C,PARTY,TATTLY THREADS,Apparel,BRONZE,39,2199.0,2199.0,440.0,,5.0,100
7007007007174,CH-11-C,PARTY,TATTLY THREADS,Apparel,BRONZE,40,2199.0,2199.0,440.0,,5.0,100
7007007007175,CH-11-C,PARTY,TATTLY THREADS,Apparel,BRONZE,41,2199.0,2199.0,440.0,,5.0,100
7007007007176,CH-11-C,PARTY,TATTLY THREADS,Apparel,BRONZE,42,2199.0,2199.0,440.0,,5.0,100
7007007007177,SND-01-C,PARTY,TATTLY THREADS,Apparel,BRONZE,35,2499.0,2499.0,490.0,,5.0,100
7007007007178,SND-01-C,PARTY,TATTLY THREADS,Apparel,BRONZE,36,2499.0,2499.0,490.0,,5.0,100
7007007007179,SND-01-C,PARTY,TATTLY THREADS,Apparel,BRONZE,37,2499.0,2499.0,490.0,,5.0,100
7007007007180,SND-01-C,PARTY,TATTLY THREADS,Apparel,BRONZE,38,2499.0,2499.0,490.0,,5.0,100
7007007007181,SND-01-C,PARTY,TATTLY THREADS,Apparel,BRONZE,39,2499.0,2499.0,490.0,,5.0,100
7007007007182,SND-01-C,PARTY,TATTLY THREADS,Apparel,BRONZE,40,2499.0,2499.0,490.0,,5.0,100
7007007007183,SND-01-C,PARTY,TATTLY THREADS,Apparel,BRONZE,41,2499.0,2499.0,490.0,,5.0,100
7007007007184,SND-01-C,PARTY,TATTLY THREADS,Apparel,BRONZE,42,2499.0,2499.0,490.0,,5.0,100
7007007007185,SND-01-C,PARTY,TATTLY THREADS,Apparel,R-GOLD,35,2499.0,2499.0,490.0,,5.0,100
7007007007186,SND-01-C,PARTY,TATTLY THREADS,Apparel,R-GOLD,36,2499.0,2499.0,490.0,,5.0,100
7007007007187,SND-01-C,PARTY,TATTLY THREADS,Apparel,R-GOLD,37,2499.0,2499.0,490.0,,5.0,100
7007007007188,SND-01-C,PARTY,TATTLY THREADS,Apparel,R-GOLD,38,2499.0,2499.0,490.0,,5.0,100
7007007007189,SND-01-C,PARTY,TATTLY THREADS,Apparel,R-GOLD,39,2499.0,2499.0,490.0,,5.0,100
7007007007190,SND-01-C,PARTY,TATTLY THREADS,Apparel,R-GOLD,40,2499.0,2499.0,490.0,,5.0,100
7007007007191,SND-01-C,PARTY,TATTLY THREADS,Apparel,R-GOLD,41,2499.0,2499.0,490.0,,5.0,100
7007007007192,SND-01-C,PARTY,TATTLY THREADS,Apparel,R-GOLD,42,2499.0,2499.0,490.0,,5.0,100
7007007007193,CH-12-C,PARTY,TATTLY THREADS,Apparel,PEACH,35,2399.0,2399.0,440.0,,5.0,100
7007007007194,CH-12-C,PARTY,TATTLY THREADS,Apparel,PEACH,36,2399.0,2399.0,440.0,,5.0,100
7007007007195,CH-12-C,PARTY,TATTLY THREADS,Apparel,PEACH,37,2399.0,2399.0,440.0,,5.0,100
7007007007196,CH-12-C,PARTY,TATTLY THREADS,Apparel,PEACH,38,2399.0,2399.0,440.0,,5.0,100
7007007007197,CH-12-C,PARTY,TATTLY THREADS,Apparel,PEACH,39,2399.0,2399.0,440.0,,5.0,100
7007007007198,CH-12-C,PARTY,TATTLY THREADS,Apparel,PEACH,40,2399.0,2399.0,440.0,,5.0,100
7007007007199,CH-12-C,PARTY,TATTLY THREADS,Apparel,PEACH,41,2399.0,2399.0,440.0,,5.0,100
7007007007200,CH-12-C,PARTY,TATTLY THREADS,Apparel,PEACH,42,2399.0,2399.0,440.0,,5.0,100
7007007007201,CH-12-C,PARTY,TATTLY THREADS,Apparel,BRONZE,35,2399.0,2399.0,440.0,,5.0,100
7007007007202,CH-12-C,PARTY,TATTLY THREADS,Apparel,BRONZE,36,2399.0,2399.0,440.0,,5.0,100
7007007007203,CH-12-C,PARTY,TATTLY THREADS,Apparel,BRONZE,37,2399.0,2399.0,440.0,,5.0,100
7007007007204,CH-12-C,PARTY,TATTLY THREADS,Apparel,BRONZE,38,2399.0,2399.0,440.0,,5.0,100
7007007007205,CH-12-C,PARTY,TATTLY THREADS,Apparel,BRONZE,39,2399.0,2399.0,440.0,,5.0,100
7007007007206,CH-12-C,PARTY,TATTLY THREADS,Apparel,BRONZE,40,2399.0,2399.0,440.0,,5.0,100
7007007007207,CH-12-C,PARTY,TATTLY THREADS,Apparel,BRONZE,41,2399.0,2399.0,440.0,,5.0,100
7007007007208,CH-12-C,PARTY,TATTLY THREADS,Apparel,BRONZE,42,2399.0,2399.0,440.0,,5.0,100
7007007007209,CH-13-C,PARTY,TATTLY THREADS,Apparel,BLACK,35,2499.0,2499.0,525.0,,5.0,100
7007007007210,CH-13-C,PARTY,TATTLY THREADS,Apparel,BLACK,36,2499.0,2499.0,525.0,,5.0,100
7007007007211,CH-13-C,PARTY,TATTLY THREADS,Apparel,BLACK,37,2499.0,2499.0,525.0,,5.0,100
7007007007212,CH-13-C,PARTY,TATTLY THREADS,Apparel,BLACK,38,2499.0,2499.0,525.0,,5.0,100
7007007007213,CH-13-C,PARTY,TATTLY THREADS,Apparel,BLACK,39,2499.0,2499.0,525.0,,5.0,100
7007007007214,CH-13-C,PARTY,TATTLY THREADS,Apparel,BLACK,40,2499.0,2499.0,525.0,,5.0,100
7007007007215,CH-13-C,PARTY,TATTLY THREADS,Apparel,BLACK,41,2499.0,2499.0,525.0,,5.0,100
7007007007216,CH-13-C,PARTY,TATTLY THREADS,Apparel,BLACK,42,2499.0,2499.0,525.0,,5.0,100
7007007007217,CH-13-C,PARTY,TATTLY THREADS,Apparel,BRONZE,35,2499.0,2499.0,525.0,,5.0,100
7007007007218,CH-13-C,PARTY,TATTLY THREADS,Apparel,BRONZE,36,2499.0,2499.0,525.0,,5.0,100
7007007007219,CH-13-C,PARTY,TATTLY THREADS,Apparel,BRONZE,37,2499.0,2499.0,525.0,,5.0,100
7007007007220,CH-13-C,PARTY,TATTLY THREADS,Apparel,BRONZE,38,2499.0,2499.0,525.0,,5.0,100
7007007007221,CH-13-C,PARTY,TATTLY THREADS,Apparel,BRONZE,39,2499.0,2499.0,525.0,,5.0,100
7007007007222,CH-13-C,PARTY,TATTLY THREADS,Apparel,BRONZE,40,2499.0,2499.0,525.0,,5.0,100
7007007007223,CH-13-C,PARTY,TATTLY THREADS,Apparel,BRONZE,41,2499.0,2499.0,525.0,,5.0,100
7007007007224,CH-13-C,PARTY,TATTLY THREADS,Apparel,BRONZE,42,2499.0,2499.0,525.0,,5.0,100
7007007007225,CH-14-D,COMFORT,TATTLY THREADS,Apparel,BLACK,35,1799.0,1799.0,350.0,,5.0,100
7007007007226,CH-14-D,COMFORT,TATTLY THREADS,Apparel,BLACK,36,1799.0,1799.0,350.0,,5.0,100
7007007007227,CH-14-D,COMFORT,TATTLY THREADS,Apparel,BLACK,37,1799.0,1799.0,350.0,,5.0,100
7007007007228,CH-14-D,COMFORT,TATTLY THREADS,Apparel,BLACK,38,1799.0,1799.0,350.0,,5.0,100
7007007007229,CH-14-D,COMFORT,TATTLY THREADS,Apparel,BLACK,39,1799.0,1799.0,350.0,,5.0,100
7007007007230,CH-14-D,COMFORT,TATTLY THREADS,Apparel,BLACK,40,1799.0,1799.0,350.0,,5.0,100
7007007007231,CH-14-D,COMFORT,TATTLY THREADS,Apparel,BLACK,41,1799.0,1799.0,350.0,,5.0,100
7007007007232,CH-14-D,COMFORT,TATTLY THREADS,Apparel,BLACK,42,1799.0,1799.0,350.0,,5.0,100
7007007007233,CH-14-D,COMFORT,TATTLY THREADS,Apparel,BRONZE,35,1799.0,1799.0,350.0,,5.0,100
7007007007234,CH-14-D,COMFORT,TATTLY THREADS,Apparel,BRONZE,36,1799.0,1799.0,350.0,,5.0,100
7007007007235,CH-14-D,COMFORT,TATTLY THREADS,Apparel,BRONZE,37,1799.0,1799.0,350.0,,5.0,100
7007007007236,CH-14-D,COMFORT,TATTLY THREADS,Apparel,BRONZE,38,1799.0,1799.0,350.0,,5.0,100
7007007007237,CH-14-D,COMFORT,TATTLY THREADS,Apparel,BRONZE,39,1799.0,1799.0,350.0,,5.0,100
7007007007238,CH-14-D,COMFORT,TATTLY THREADS,Apparel,BRONZE,40,1799.0,1799.0,350.0,,5.0,100
7007007007239,CH-14-D,COMFORT,TATTLY THREADS,Apparel,BRONZE,41,1799.0,1799.0,350.0,,5.0,100
7007007007240,CH-14-D,COMFORT,TATTLY THREADS,Apparel,BRONZE,42,1799.0,1799.0,350.0,,5.0,100
7007007007241,CH-15-D,COMFORT,TATTLY THREADS,Apparel,BLACK,35,1799.0,1799.0,350.0,,5.0,100
7007007007242,CH-15-D,COMFORT,TATTLY THREADS,Apparel,BLACK,36,1799.0,1799.0,350.0,,5.0,100
7007007007243,CH-15-D,COMFORT,TATTLY THREADS,Apparel,BLACK,37,1799.0,1799.0,350.0,,5.0,100
7007007007244,CH-15-D,COMFORT,TATTLY THREADS,Apparel,BLACK,38,1799.0,1799.0,350.0,,5.0,100
7007007007245,CH-15-D,COMFORT,TATTLY THREADS,Apparel,BLACK,39,1799.0,1799.0,350.0,,5.0,100
7007007007246,CH-15-D,COMFORT,TATTLY THREADS,Apparel,BLACK,40,1799.0,1799.0,350.0,,5.0,100
7007007007247,CH-15-D,COMFORT,TATTLY THREADS,Apparel,BLACK,41,1799.0,1799.0,350.0,,5.0,100
7007007007248,CH-15-D,COMFORT,TATTLY THREADS,Apparel,BLACK,42,1799.0,1799.0,350.0,,5.0,100
7007007007249,CH-15-D,COMFORT,TATTLY THREADS,Apparel,BROWN,35,1799.0,1799.0,350.0,,5.0,100
7007007007250,CH-15-D,COMFORT,TATTLY THREADS,Apparel,BROWN,36,1799.0,1799.0,350.0,,5.0,100
7007007007251,CH-15-D,COMFORT,TATTLY THREADS,Apparel,BROWN,37,1799.0,1799.0,350.0,,5.0,100
7007007007252,CH-15-D,COMFORT,TATTLY THREADS,Apparel,BROWN,38,1799.0,1799.0,350.0,,5.0,100
7007007007253,CH-15-D,COMFORT,TATTLY THREADS,Apparel,BROWN,39,1799.0,1799.0,350.0,,5.0,100
7007007007254,CH-15-D,COMFORT,TATTLY THREADS,Apparel,BROWN,40,1799.0,1799.0,350.0,,5.0,100
7007007007255,CH-15-D,COMFORT,TATTLY THREADS,Apparel,BROWN,41,1799.0,1799.0,350.0,,5.0,100
7007007007256,CH-15-D,COMFORT,TATTLY THREADS,Apparel,BROWN,42,1799.0,1799.0,350.0,,5.0,100
7007007007257,CH-16-D,COMFORT,TATTLY THREADS,Apparel,BLACK,35,1799.0,1799.0,360.0,,5.0,100
7007007007258,CH-16-D,COMFORT,TATTLY THREADS,Apparel,BLACK,36,1799.0,1799.0,360.0,,5.0,100
7007007007259,CH-16-D,COMFORT,TATTLY THREADS,Apparel,BLACK,37,1799.0,1799.0,360.0,,5.0,100
7007007007260,CH-16-D,COMFORT,TATTLY THREADS,Apparel,BLACK,38,1799.0,1799.0,360.0,,5.0,100
7007007007261,CH-16-D,COMFORT,TATTLY THREADS,Apparel,BLACK,39,1799.0,1799.0,360.0,,5.0,100
7007007007262,CH-16-D,COMFORT,TATTLY THREADS,Apparel,BLACK,40,1799.0,1799.0,360.0,,5.0,100
7007007007263,CH-16-D,COMFORT,TATTLY THREADS,Apparel,BLACK,41,1799.0,1799.0,360.0,,5.0,100
7007007007264,CH-16-D,COMFORT,TATTLY THREADS,Apparel,BLACK,42,1799.0,1799.0,360.0,,5.0,100
7007007007265,CH-16-D,COMFORT,TATTLY THREADS,Apparel,CHIKKU,35,1799.0,1799.0,360.0,,5.0,100
7007007007266,CH-16-D,COMFORT,TATTLY THREADS,Apparel,CHIKKU,36,1799.0,1799.0,360.0,,5.0,100
7007007007267,CH-16-D,COMFORT,TATTLY THREADS,Apparel,CHIKKU,37,1799.0,1799.0,360.0,,5.0,100
7007007007268,CH-16-D,COMFORT,TATTLY THREADS,Apparel,CHIKKU,38,1799.0,1799.0,360.0,,5.0,100
7007007007269,CH-16-D,COMFORT,TATTLY THREADS,Apparel,CHIKKU,39,1799.0,1799.0,360.0,,5.0,100
7007007007270,CH-16-D,COMFORT,TATTLY THREADS,Apparel,CHIKKU,40,1799.0,1799.0,360.0,,5.0,100
7007007007271,CH-16-D,COMFORT,TATTLY THREADS,Apparel,CHIKKU,41,1799.0,1799.0,360.0,,5.0,100
7007007007272,CH-16-D,COMFORT,TATTLY THREADS,Apparel,CHIKKU,42,1799.0,1799.0,360.0,,5.0,100
7007007007273,CH-17-D,PARTY,TATTLY THREADS,Apparel,GUNMETAL,35,2499.0,2499.0,475.0,,5.0,100
7007007007274,CH-17-D,PARTY,TATTLY THREADS,Apparel,GUNMETAL,36,2499.0,2499.0,475.0,,5.0,100
7007007007275,CH-17-D,PARTY,TATTLY THREADS,Apparel,GUNMETAL,37,2499.0,2499.0,475.0,,5.0,100
7007007007276,CH-17-D,PARTY,TATTLY THREADS,Apparel,GUNMETAL,38,2499.0,2499.0,475.0,,5.0,100
7007007007277,CH-17-D,PARTY,TATTLY THREADS,Apparel,GUNMETAL,39,2499.0,2499.0,475.0,,5.0,100
7007007007278,CH-17-D,PARTY,TATTLY THREADS,Apparel,GUNMETAL,40,2499.0,2499.0,475.0,,5.0,100
7007007007279,CH-17-D,PARTY,TATTLY THREADS,Apparel,GUNMETAL,41,2499.0,2499.0,475.0,,5.0,100
7007007007280,CH-17-D,PARTY,TATTLY THREADS,Apparel,GUNMETAL,42,2499.0,2499.0,475.0,,5.0,100
7007007007281,CH-17-D,PARTY,TATTLY THREADS,Apparel,GOLD,35,2499.0,2499.0,475.0,,5.0,100
7007007007282,CH-17-D,PARTY,TATTLY THREADS,Apparel,GOLD,36,2499.0,2499.0,475.0,,5.0,100
7007007007283,CH-17-D,PARTY,TATTLY THREADS,Apparel,GOLD,37,2499.0,2499.0,475.0,,5.0,100
7007007007284,CH-17-D,PARTY,TATTLY THREADS,Apparel,GOLD,38,2499.0,2499.0,475.0,,5.0,100
7007007007285,CH-17-D,PARTY,TATTLY THREADS,Apparel,GOLD,39,2499.0,2499.0,475.0,,5.0,100
7007007007286,CH-17-D,PARTY,TATTLY THREADS,Apparel,GOLD,40,2499.0,2499.0,475.0,,5.0,100
7007007007287,CH-17-D,PARTY,TATTLY THREADS,Apparel,GOLD,41,2499.0,2499.0,475.0,,5.0,100
7007007007288,CH-17-D,PARTY,TATTLY THREADS,Apparel,GOLD,42,2499.0,2499.0,475.0,,5.0,100
7007007007289,CH-18-E,REGULAR,TATTLY THREADS,Apparel,BLACK,35,2099.0,2099.0,390.0,,5.0,100
7007007007290,CH-18-E,REGULAR,TATTLY THREADS,Apparel,BLACK,36,2099.0,2099.0,390.0,,5.0,100
7007007007291,CH-18-E,REGULAR,TATTLY THREADS,Apparel,BLACK,37,2099.0,2099.0,390.0,,5.0,100
7007007007292,CH-18-E,REGULAR,TATTLY THREADS,Apparel,BLACK,38,2099.0,2099.0,390.0,,5.0,100
7007007007293,CH-18-E,REGULAR,TATTLY THREADS,Apparel,BLACK,39,2099.0,2099.0,390.0,,5.0,100
7007007007294,CH-18-E,REGULAR,TATTLY THREADS,Apparel,BLACK,40,2099.0,2099.0,390.0,,5.0,100
7007007007295,CH-18-E,REGULAR,TATTLY THREADS,Apparel,BLACK,41,2099.0,2099.0,390.0,,5.0,100
7007007007296,CH-18-E,REGULAR,TATTLY THREADS,Apparel,BLACK,42,2099.0,2099.0,390.0,,5.0,100
7007007007297,CH-18-E,REGULAR,TATTLY THREADS,Apparel,BROWN,35,2099.0,2099.0,390.0,,5.0,100
7007007007298,CH-18-E,REGULAR,TATTLY THREADS,Apparel,BROWN,36,2099.0,2099.0,390.0,,5.0,100
7007007007299,CH-18-E,REGULAR,TATTLY THREADS,Apparel,BROWN,37,2099.0,2099.0,390.0,,5.0,100
7007007007300,CH-18-E,REGULAR,TATTLY THREADS,Apparel,BROWN,38,2099.0,2099.0,390.0,,5.0,100
7007007007301,CH-18-E,REGULAR,TATTLY THREADS,Apparel,BROWN,39,2099.0,2099.0,390.0,,5.0,100
7007007007302,CH-18-E,REGULAR,TATTLY THREADS,Apparel,BROWN,40,2099.0,2099.0,390.0,,5.0,100
7007007007303,CH-18-E,REGULAR,TATTLY THREADS,Apparel,BROWN,41,2099.0,2099.0,390.0,,5.0,100
7007007007304,CH-18-E,REGULAR,TATTLY THREADS,Apparel,BROWN,42,2099.0,2099.0,390.0,,5.0,100
7007007007305,CH-19-E,BASIC,TATTLY THREADS,Apparel,CREAM,35,1599.0,1599.0,325.0,,5.0,100
7007007007306,CH-19-E,BASIC,TATTLY THREADS,Apparel,CREAM,36,1599.0,1599.0,325.0,,5.0,100
7007007007307,CH-19-E,BASIC,TATTLY THREADS,Apparel,CREAM,37,1599.0,1599.0,325.0,,5.0,100
7007007007308,CH-19-E,BASIC,TATTLY THREADS,Apparel,CREAM,38,1599.0,1599.0,325.0,,5.0,100
7007007007309,CH-19-E,BASIC,TATTLY THREADS,Apparel,CREAM,39,1599.0,1599.0,325.0,,5.0,100
7007007007310,CH-19-E,BASIC,TATTLY THREADS,Apparel,CREAM,40,1599.0,1599.0,325.0,,5.0,100
7007007007311,CH-19-E,BASIC,TATTLY THREADS,Apparel,CREAM,41,1599.0,1599.0,325.0,,5.0,100
7007007007312,CH-19-E,BASIC,TATTLY THREADS,Apparel,CREAM,42,1599.0,1599.0,325.0,,5.0,100
7007007007313,CH-19-E,BASIC,TATTLY THREADS,Apparel,TAN,35,1599.0,1599.0,325.0,,5.0,100
7007007007314,CH-19-E,BASIC,TATTLY THREADS,Apparel,TAN,36,1599.0,1599.0,325.0,,5.0,100
7007007007315,CH-19-E,BASIC,TATTLY THREADS,Apparel,TAN,37,1599.0,1599.0,325.0,,5.0,100
7007007007316,CH-19-E,BASIC,TATTLY THREADS,Apparel,TAN,38,1599.0,1599.0,325.0,,5.0,100
7007007007317,CH-19-E,BASIC,TATTLY THREADS,Apparel,TAN,39,1599.0,1599.0,325.0,,5.0,100
7007007007318,CH-19-E,BASIC,TATTLY THREADS,Apparel,TAN,40,1599.0,1599.0,325.0,,5.0,100
7007007007319,CH-19-E,BASIC,TATTLY THREADS,Apparel,TAN,41,1599.0,1599.0,325.0,,5.0,100
7007007007320,CH-19-E,BASIC,TATTLY THREADS,Apparel,TAN,42,1599.0,1599.0,325.0,,5.0,100
7007007007321,SND-02-E,BASIC,TATTLY THREADS,Apparel,BLACK,35,1699.0,1699.0,345.0,,5.0,100
7007007007322,SND-02-E,BASIC,TATTLY THREADS,Apparel,BLACK,36,1699.0,1699.0,345.0,,5.0,100
7007007007323,SND-02-E,BASIC,TATTLY THREADS,Apparel,BLACK,37,1699.0,1699.0,345.0,,5.0,100
7007007007324,SND-02-E,BASIC,TATTLY THREADS,Apparel,BLACK,38,1699.0,1699.0,345.0,,5.0,100
7007007007325,SND-02-E,BASIC,TATTLY THREADS,Apparel,BLACK,39,1699.0,1699.0,345.0,,5.0,100
7007007007326,SND-02-E,BASIC,TATTLY THREADS,Apparel,BLACK,40,1699.0,1699.0,345.0,,5.0,100
7007007007327,SND-02-E,BASIC,TATTLY THREADS,Apparel,BLACK,41,1699.0,1699.0,345.0,,5.0,100
7007007007328,SND-02-E,BASIC,TATTLY THREADS,Apparel,BLACK,42,1699.0,1699.0,345.0,,5.0,100
7007007007329,SND-02-E,BASIC,TATTLY THREADS,Apparel,GREY,35,1699.0,1699.0,345.0,,5.0,100
7007007007330,SND-02-E,BASIC,TATTLY THREADS,Apparel,GREY,36,1699.0,1699.0,345.0,,5.0,100
7007007007331,SND-02-E,BASIC,TATTLY THREADS,Apparel,GREY,37,1699.0,1699.0,345.0,,5.0,100
7007007007332,SND-02-E,BASIC,TATTLY THREADS,Apparel,GREY,38,1699.0,1699.0,345.0,,5.0,100
7007007007333,SND-02-E,BASIC,TATTLY THREADS,Apparel,GREY,39,1699.0,1699.0,345.0,,5.0,100
7007007007334,SND-02-E,BASIC,TATTLY THREADS,Apparel,GREY,40,1699.0,1699.0,345.0,,5.0,100
7007007007335,SND-02-E,BASIC,TATTLY THREADS,Apparel,GREY,41,1699.0,1699.0,345.0,,5.0,100
7007007007336,SND-02-E,BASIC,TATTLY THREADS,Apparel,GREY,42,1699.0,1699.0,345.0,,5.0,100
7007007007337,SND-03-E,BASIC,TATTLY THREADS,Apparel,BLACK,35,1799.0,1799.0,360.0,,5.0,100
7007007007338,SND-03-E,BASIC,TATTLY THREADS,Apparel,BLACK,36,1799.0,1799.0,360.0,,5.0,100
7007007007339,SND-03-E,BASIC,TATTLY THREADS,Apparel,BLACK,37,1799.0,1799.0,360.0,,5.0,100
7007007007340,SND-03-E,BASIC,TATTLY THREADS,Apparel,BLACK,38,1799.0,1799.0,360.0,,5.0,100
7007007007341,SND-03-E,BASIC,TATTLY THREADS,Apparel,BLACK,39,1799.0,1799.0,360.0,,5.0,100
7007007007342,SND-03-E,BASIC,TATTLY THREADS,Apparel,BLACK,40,1799.0,1799.0,360.0,,5.0,100
7007007007343,SND-03-E,BASIC,TATTLY THREADS,Apparel,BLACK,41,1799.0,1799.0,360.0,,5.0,100
7007007007344,SND-03-E,BASIC,TATTLY THREADS,Apparel,BLACK,42,1799.0,1799.0,360.0,,5.0,100
7007007007345,SND-03-E,BASIC,TATTLY THREADS,Apparel,CHIKKU,35,1799.0,1799.0,360.0,,5.0,100
7007007007346,SND-03-E,BASIC,TATTLY THREADS,Apparel,CHIKKU,36,1799.0,1799.0,360.0,,5.0,100
7007007007347,SND-03-E,BASIC,TATTLY THREADS,Apparel,CHIKKU,37,1799.0,1799.0,360.0,,5.0,100
7007007007348,SND-03-E,BASIC,TATTLY THREADS,Apparel,CHIKKU,38,1799.0,1799.0,360.0,,5.0,100
7007007007349,SND-03-E,BASIC,TATTLY THREADS,Apparel,CHIKKU,39,1799.0,1799.0,360.0,,5.0,100
7007007007350,SND-03-E,BASIC,TATTLY THREADS,Apparel,CHIKKU,40,1799.0,1799.0,360.0,,5.0,100
7007007007351,SND-03-E,BASIC,TATTLY THREADS,Apparel,CHIKKU,41,1799.0,1799.0,360.0,,5.0,100
7007007007352,SND-03-E,BASIC,TATTLY THREADS,Apparel,CHIKKU,42,1799.0,1799.0,360.0,,5.0,100
7007007007353,CH-20-F,BASIC,TATTLY THREADS,Apparel,BLACK,35,1899.0,1899.0,310.0,,5.0,100
7007007007354,CH-20-F,BASIC,TATTLY THREADS,Apparel,BLACK,36,1899.0,1899.0,310.0,,5.0,100
7007007007355,CH-20-F,BASIC,TATTLY THREADS,Apparel,BLACK,37,1899.0,1899.0,310.0,,5.0,100
7007007007356,CH-20-F,BASIC,TATTLY THREADS,Apparel,BLACK,38,1899.0,1899.0,310.0,,5.0,100
7007007007357,CH-20-F,BASIC,TATTLY THREADS,Apparel,BLACK,39,1899.0,1899.0,310.0,,5.0,100
7007007007358,CH-20-F,BASIC,TATTLY THREADS,Apparel,BLACK,40,1899.0,1899.0,310.0,,5.0,100
7007007007359,CH-20-F,BASIC,TATTLY THREADS,Apparel,BLACK,41,1899.0,1899.0,310.0,,5.0,100
7007007007360,CH-20-F,BASIC,TATTLY THREADS,Apparel,BLACK,42,1899.0,1899.0,310.0,,5.0,100
7007007007361,CH-20-F,BASIC,TATTLY THREADS,Apparel,BEIGE,35,1899.0,1899.0,310.0,,5.0,100
7007007007362,CH-20-F,BASIC,TATTLY THREADS,Apparel,BEIGE,36,1899.0,1899.0,310.0,,5.0,100
7007007007363,CH-20-F,BASIC,TATTLY THREADS,Apparel,BEIGE,37,1899.0,1899.0,310.0,,5.0,100
7007007007364,CH-20-F,BASIC,TATTLY THREADS,Apparel,BEIGE,38,1899.0,1899.0,310.0,,5.0,100
7007007007365,CH-20-F,BASIC,TATTLY THREADS,Apparel,BEIGE,39,1899.0,1899.0,310.0,,5.0,100
7007007007366,CH-20-F,BASIC,TATTLY THREADS,Apparel,BEIGE,40,1899.0,1899.0,310.0,,5.0,100
7007007007367,CH-20-F,BASIC,TATTLY THREADS,Apparel,BEIGE,41,1899.0,1899.0,310.0,,5.0,100
7007007007368,CH-20-F,BASIC,TATTLY THREADS,Apparel,BEIGE,42,1899.0,1899.0,310.0,,5.0,100
7007007007369,CH-21-F,PARTY,TATTLY THREADS,Apparel,BLACK,35,2299.0,2299.0,420.0,,5.0,100
7007007007370,CH-21-F,PARTY,TATTLY THREADS,Apparel,BLACK,36,2299.0,2299.0,420.0,,5.0,100
7007007007371,CH-21-F,PARTY,TATTLY THREADS,Apparel,BLACK,37,2299.0,2299.0,420.0,,5.0,100
7007007007372,CH-21-F,PARTY,TATTLY THREADS,Apparel,BLACK,38,2299.0,2299.0,420.0,,5.0,100
7007007007373,CH-21-F,PARTY,TATTLY THREADS,Apparel,BLACK,39,2299.0,2299.0,420.0,,5.0,100
7007007007374,CH-21-F,PARTY,TATTLY THREADS,Apparel,BLACK,40,2299.0,2299.0,420.0,,5.0,100
7007007007375,CH-21-F,PARTY,TATTLY THREADS,Apparel,BLACK,41,2299.0,2299.0,420.0,,5.0,100
7007007007376,CH-21-F,PARTY,TATTLY THREADS,Apparel,BLACK,42,2299.0,2299.0,420.0,,5.0,100
7007007007377,CH-21-F,PARTY,TATTLY THREADS,Apparel,SULTAN,35,2299.0,2299.0,420.0,,5.0,100
7007007007378,CH-21-F,PARTY,TATTLY THREADS,Apparel,SULTAN,36,2299.0,2299.0,420.0,,5.0,100
7007007007379,CH-21-F,PARTY,TATTLY THREADS,Apparel,SULTAN,37,2299.0,2299.0,420.0,,5.0,100
7007007007380,CH-21-F,PARTY,TATTLY THREADS,Apparel,SULTAN,38,2299.0,2299.0,420.0,,5.0,100
7007007007381,CH-21-F,PARTY,TATTLY THREADS,Apparel,SULTAN,39,2299.0,2299.0,420.0,,5.0,100
7007007007382,CH-21-F,PARTY,TATTLY THREADS,Apparel,SULTAN,40,2299.0,2299.0,420.0,,5.0,100
7007007007383,CH-21-F,PARTY,TATTLY THREADS,Apparel,SULTAN,41,2299.0,2299.0,420.0,,5.0,100
7007007007384,CH-21-F,PARTY,TATTLY THREADS,Apparel,SULTAN,42,2299.0,2299.0,420.0,,5.0,100
7007007007385,CH-22-F,BASIC,TATTLY THREADS,Apparel,BLACK,35,1699.0,1699.0,350.0,,5.0,100
7007007007386,CH-22-F,BASIC,TATTLY THREADS,Apparel,BLACK,36,1699.0,1699.0,350.0,,5.0,100
7007007007387,CH-22-F,BASIC,TATTLY THREADS,Apparel,BLACK,37,1699.0,1699.0,350.0,,5.0,100
7007007007388,CH-22-F,BASIC,TATTLY THREADS,Apparel,BLACK,38,1699.0,1699.0,350.0,,5.0,100
7007007007389,CH-22-F,BASIC,TATTLY THREADS,Apparel,BLACK,39,1699.0,1699.0,350.0,,5.0,100
7007007007390,CH-22-F,BASIC,TATTLY THREADS,Apparel,BLACK,40,1699.0,1699.0,350.0,,5.0,100
7007007007391,CH-22-F,BASIC,TATTLY THREADS,Apparel,BLACK,41,1699.0,1699.0,350.0,,5.0,100
7007007007392,CH-22-F,BASIC,TATTLY THREADS,Apparel,BLACK,42,1699.0,1699.0,350.0,,5.0,100
7007007007393,CH-22-F,BASIC,TATTLY THREADS,Apparel,CREAM,35,1699.0,1699.0,350.0,,5.0,100
7007007007394,CH-22-F,BASIC,TATTLY THREADS,Apparel,CREAM,36,1699.0,1699.0,350.0,,5.0,100
7007007007395,CH-22-F,BASIC,TATTLY THREADS,Apparel,CREAM,37,1699.0,1699.0,350.0,,5.0,100
7007007007396,CH-22-F,BASIC,TATTLY THREADS,Apparel,CREAM,38,1699.0,1699.0,350.0,,5.0,100
7007007007397,CH-22-F,BASIC,TATTLY THREADS,Apparel,CREAM,39,1699.0,1699.0,350.0,,5.0,100
7007007007398,CH-22-F,BASIC,TATTLY THREADS,Apparel,CREAM,40,1699.0,1699.0,350.0,,5.0,100
7007007007399,CH-22-F,BASIC,TATTLY THREADS,Apparel,CREAM,41,1699.0,1699.0,350.0,,5.0,100
7007007007400,CH-22-F,BASIC,TATTLY THREADS,Apparel,CREAM,42,1699.0,1699.0,350.0,,5.0,100
7007007007401,CH-23-F,BASIC,TATTLY THREADS,Apparel,BLACK,35,1599.0,1599.0,320.0,,5.0,100
7007007007402,CH-23-F,BASIC,TATTLY THREADS,Apparel,BLACK,36,1599.0,1599.0,320.0,,5.0,100
7007007007403,CH-23-F,BASIC,TATTLY THREADS,Apparel,BLACK,37,1599.0,1599.0,320.0,,5.0,100
7007007007404,CH-23-F,BASIC,TATTLY THREADS,Apparel,BLACK,38,1599.0,1599.0,320.0,,5.0,100
7007007007405,CH-23-F,BASIC,TATTLY THREADS,Apparel,BLACK,39,1599.0,1599.0,320.0,,5.0,100
7007007007406,CH-23-F,BASIC,TATTLY THREADS,Apparel,BLACK,40,1599.0,1599.0,320.0,,5.0,100
7007007007407,CH-23-F,BASIC,TATTLY THREADS,Apparel,BLACK,41,1599.0,1599.0,320.0,,5.0,100
7007007007408,CH-23-F,BASIC,TATTLY THREADS,Apparel,BLACK,42,1599.0,1599.0,320.0,,5.0,100
7007007007409,CH-23-F,BASIC,TATTLY THREADS,Apparel,CREAM,35,1599.0,1599.0,320.0,,5.0,100
7007007007410,CH-23-F,BASIC,TATTLY THREADS,Apparel,CREAM,36,1599.0,1599.0,320.0,,5.0,100
7007007007411,CH-23-F,BASIC,TATTLY THREADS,Apparel,CREAM,37,1599.0,1599.0,320.0,,5.0,100
7007007007412,CH-23-F,BASIC,TATTLY THREADS,Apparel,CREAM,38,1599.0,1599.0,320.0,,5.0,100
7007007007413,CH-23-F,BASIC,TATTLY THREADS,Apparel,CREAM,39,1599.0,1599.0,320.0,,5.0,100
7007007007414,CH-23-F,BASIC,TATTLY THREADS,Apparel,CREAM,40,1599.0,1599.0,320.0,,5.0,100
7007007007415,CH-23-F,BASIC,TATTLY THREADS,Apparel,CREAM,41,1599.0,1599.0,320.0,,5.0,100
7007007007416,CH-23-F,BASIC,TATTLY THREADS,Apparel,CREAM,42,1599.0,1599.0,320.0,,5.0,100
7007007007417,SND-04-F,BASIC,TATTLY THREADS,Apparel,BLACK,35,1599.0,1599.0,325.0,,5.0,100
7007007007418,SND-04-F,BASIC,TATTLY THREADS,Apparel,BLACK,36,1599.0,1599.0,325.0,,5.0,100
7007007007419,SND-04-F,BASIC,TATTLY THREADS,Apparel,BLACK,37,1599.0,1599.0,325.0,,5.0,100
7007007007420,SND-04-F,BASIC,TATTLY THREADS,Apparel,BLACK,38,1599.0,1599.0,325.0,,5.0,100
7007007007421,SND-04-F,BASIC,TATTLY THREADS,Apparel,BLACK,39,1599.0,1599.0,325.0,,5.0,100
7007007007422,SND-04-F,BASIC,TATTLY THREADS,Apparel,BLACK,40,1599.0,1599.0,325.0,,5.0,100
7007007007423,SND-04-F,BASIC,TATTLY THREADS,Apparel,BLACK,41,1599.0,1599.0,325.0,,5.0,100
7007007007424,SND-04-F,BASIC,TATTLY THREADS,Apparel,BLACK,42,1599.0,1599.0,325.0,,5.0,100
7007007007425,SND-04-F,BASIC,TATTLY THREADS,Apparel,CREAM,35,1599.0,1599.0,325.0,,5.0,100
7007007007426,SND-04-F,BASIC,TATTLY THREADS,Apparel,CREAM,36,1599.0,1599.0,325.0,,5.0,100
7007007007427,SND-04-F,BASIC,TATTLY THREADS,Apparel,CREAM,37,1599.0,1599.0,325.0,,5.0,100
7007007007428,SND-04-F,BASIC,TATTLY THREADS,Apparel,CREAM,38,1599.0,1599.0,325.0,,5.0,100
7007007007429,SND-04-F,BASIC,TATTLY THREADS,Apparel,CREAM,39,1599.0,1599.0,325.0,,5.0,100
7007007007430,SND-04-F,BASIC,TATTLY THREADS,Apparel,CREAM,40,1599.0,1599.0,325.0,,5.0,100
7007007007431,SND-04-F,BASIC,TATTLY THREADS,Apparel,CREAM,41,1599.0,1599.0,325.0,,5.0,100
7007007007432,SND-04-F,BASIC,TATTLY THREADS,Apparel,CREAM,42,1599.0,1599.0,325.0,,5.0,100
7007007007433,SND-05-G,REGULAR,TATTLY THREADS,Apparel,GUNMETAL,35,1899.0,1899.0,360.0,,5.0,100
7007007007434,SND-05-G,REGULAR,TATTLY THREADS,Apparel,GUNMETAL,36,1899.0,1899.0,360.0,,5.0,100
7007007007435,SND-05-G,REGULAR,TATTLY THREADS,Apparel,GUNMETAL,37,1899.0,1899.0,360.0,,5.0,100
7007007007436,SND-05-G,REGULAR,TATTLY THREADS,Apparel,GUNMETAL,38,1899.0,1899.0,360.0,,5.0,100
7007007007437,SND-05-G,REGULAR,TATTLY THREADS,Apparel,GUNMETAL,39,1899.0,1899.0,360.0,,5.0,100
7007007007438,SND-05-G,REGULAR,TATTLY THREADS,Apparel,GUNMETAL,40,1899.0,1899.0,360.0,,5.0,100
7007007007439,SND-05-G,REGULAR,TATTLY THREADS,Apparel,GUNMETAL,41,1899.0,1899.0,360.0,,5.0,100
7007007007440,SND-05-G,REGULAR,TATTLY THREADS,Apparel,GUNMETAL,42,1899.0,1899.0,360.0,,5.0,100
7007007007441,SND-05-G,REGULAR,TATTLY THREADS,Apparel,R-GOLD,35,1899.0,1899.0,360.0,,5.0,100
7007007007442,SND-05-G,REGULAR,TATTLY THREADS,Apparel,R-GOLD,36,1899.0,1899.0,360.0,,5.0,100
7007007007443,SND-05-G,REGULAR,TATTLY THREADS,Apparel,R-GOLD,37,1899.0,1899.0,360.0,,5.0,100
7007007007444,SND-05-G,REGULAR,TATTLY THREADS,Apparel,R-GOLD,38,1899.0,1899.0,360.0,,5.0,100
7007007007445,SND-05-G,REGULAR,TATTLY THREADS,Apparel,R-GOLD,39,1899.0,1899.0,360.0,,5.0,100
7007007007446,SND-05-G,REGULAR,TATTLY THREADS,Apparel,R-GOLD,40,1899.0,1899.0,360.0,,5.0,100
7007007007447,SND-05-G,REGULAR,TATTLY THREADS,Apparel,R-GOLD,41,1899.0,1899.0,360.0,,5.0,100
7007007007448,SND-05-G,REGULAR,TATTLY THREADS,Apparel,R-GOLD,42,1899.0,1899.0,360.0,,5.0,100
7007007007449,SND-06-G,REGULAR,TATTLY THREADS,Apparel,BROWN,35,1899.0,1899.0,360.0,,5.0,100
7007007007450,SND-06-G,REGULAR,TATTLY THREADS,Apparel,BROWN,36,1899.0,1899.0,360.0,,5.0,100
7007007007451,SND-06-G,REGULAR,TATTLY THREADS,Apparel,BROWN,37,1899.0,1899.0,360.0,,5.0,100
7007007007452,SND-06-G,REGULAR,TATTLY THREADS,Apparel,BROWN,38,1899.0,1899.0,360.0,,5.0,100
7007007007453,SND-06-G,REGULAR,TATTLY THREADS,Apparel,BROWN,39,1899.0,1899.0,360.0,,5.0,100
7007007007454,SND-06-G,REGULAR,TATTLY THREADS,Apparel,BROWN,40,1899.0,1899.0,360.0,,5.0,100
7007007007455,SND-06-G,REGULAR,TATTLY THREADS,Apparel,BROWN,41,1899.0,1899.0,360.0,,5.0,100
7007007007456,SND-06-G,REGULAR,TATTLY THREADS,Apparel,BROWN,42,1899.0,1899.0,360.0,,5.0,100
7007007007457,SND-06-G,REGULAR,TATTLY THREADS,Apparel,BLUE,35,1899.0,1899.0,360.0,,5.0,100
7007007007458,SND-06-G,REGULAR,TATTLY THREADS,Apparel,BLUE,36,1899.0,1899.0,360.0,,5.0,100
7007007007459,SND-06-G,REGULAR,TATTLY THREADS,Apparel,BLUE,37,1899.0,1899.0,360.0,,5.0,100
7007007007460,SND-06-G,REGULAR,TATTLY THREADS,Apparel,BLUE,38,1899.0,1899.0,360.0,,5.0,100
7007007007461,SND-06-G,REGULAR,TATTLY THREADS,Apparel,BLUE,39,1899.0,1899.0,360.0,,5.0,100
7007007007462,SND-06-G,REGULAR,TATTLY THREADS,Apparel,BLUE,40,1899.0,1899.0,360.0,,5.0,100
7007007007463,SND-06-G,REGULAR,TATTLY THREADS,Apparel,BLUE,41,1899.0,1899.0,360.0,,5.0,100
7007007007464,SND-06-G,REGULAR,TATTLY THREADS,Apparel,BLUE,42,1899.0,1899.0,360.0,,5.0,100
7007007007465,CH-24-G,REGULAR,TATTLY THREADS,Apparel,BLACK,35,1899.0,1899.0,360.0,,5.0,100
7007007007466,CH-24-G,REGULAR,TATTLY THREADS,Apparel,BLACK,36,1899.0,1899.0,360.0,,5.0,100
7007007007467,CH-24-G,REGULAR,TATTLY THREADS,Apparel,BLACK,37,1899.0,1899.0,360.0,,5.0,100
7007007007468,CH-24-G,REGULAR,TATTLY THREADS,Apparel,BLACK,38,1899.0,1899.0,360.0,,5.0,100
7007007007469,CH-24-G,REGULAR,TATTLY THREADS,Apparel,BLACK,39,1899.0,1899.0,360.0,,5.0,100
7007007007470,CH-24-G,REGULAR,TATTLY THREADS,Apparel,BLACK,40,1899.0,1899.0,360.0,,5.0,100
7007007007471,CH-24-G,REGULAR,TATTLY THREADS,Apparel,BLACK,41,1899.0,1899.0,360.0,,5.0,100
7007007007472,CH-24-G,REGULAR,TATTLY THREADS,Apparel,BLACK,42,1899.0,1899.0,360.0,,5.0,100
7007007007473,CH-24-G,REGULAR,TATTLY THREADS,Apparel,CREAM,35,1899.0,1899.0,360.0,,5.0,100
7007007007474,CH-24-G,REGULAR,TATTLY THREADS,Apparel,CREAM,36,1899.0,1899.0,360.0,,5.0,100
7007007007475,CH-24-G,REGULAR,TATTLY THREADS,Apparel,CREAM,37,1899.0,1899.0,360.0,,5.0,100
7007007007476,CH-24-G,REGULAR,TATTLY THREADS,Apparel,CREAM,38,1899.0,1899.0,360.0,,5.0,100
7007007007477,CH-24-G,REGULAR,TATTLY THREADS,Apparel,CREAM,39,1899.0,1899.0,360.0,,5.0,100
7007007007478,CH-24-G,REGULAR,TATTLY THREADS,Apparel,CREAM,40,1899.0,1899.0,360.0,,5.0,100
7007007007479,CH-24-G,REGULAR,TATTLY THREADS,Apparel,CREAM,41,1899.0,1899.0,360.0,,5.0,100
7007007007480,CH-24-G,REGULAR,TATTLY THREADS,Apparel,CREAM,42,1899.0,1899.0,360.0,,5.0,100
7007007007481,CH-25-G,PARTY,TATTLY THREADS,Apparel,GOLD,35,2599.0,2599.0,525.0,,5.0,100
7007007007482,CH-25-G,PARTY,TATTLY THREADS,Apparel,GOLD,36,2599.0,2599.0,525.0,,5.0,100
7007007007483,CH-25-G,PARTY,TATTLY THREADS,Apparel,GOLD,37,2599.0,2599.0,525.0,,5.0,100
7007007007484,CH-25-G,PARTY,TATTLY THREADS,Apparel,GOLD,38,2599.0,2599.0,525.0,,5.0,100
7007007007485,CH-25-G,PARTY,TATTLY THREADS,Apparel,GOLD,39,2599.0,2599.0,525.0,,5.0,100
7007007007486,CH-25-G,PARTY,TATTLY THREADS,Apparel,GOLD,40,2599.0,2599.0,525.0,,5.0,100
7007007007487,CH-25-G,PARTY,TATTLY THREADS,Apparel,GOLD,41,2599.0,2599.0,525.0,,5.0,100
7007007007488,CH-25-G,PARTY,TATTLY THREADS,Apparel,GOLD,42,2599.0,2599.0,525.0,,5.0,100
7007007007489,CH-25-G,PARTY,TATTLY THREADS,Apparel,BROWN,35,2599.0,2599.0,525.0,,5.0,100
7007007007490,CH-25-G,PARTY,TATTLY THREADS,Apparel,BROWN,36,2599.0,2599.0,525.0,,5.0,100
7007007007491,CH-25-G,PARTY,TATTLY THREADS,Apparel,BROWN,37,2599.0,2599.0,525.0,,5.0,100
7007007007492,CH-25-G,PARTY,TATTLY THREADS,Apparel,BROWN,38,2599.0,2599.0,525.0,,5.0,100
7007007007493,CH-25-G,PARTY,TATTLY THREADS,Apparel,BROWN,39,2599.0,2599.0,525.0,,5.0,100
7007007007494,CH-25-G,PARTY,TATTLY THREADS,Apparel,BROWN,40,2599.0,2599.0,525.0,,5.0,100
7007007007495,CH-25-G,PARTY,TATTLY THREADS,Apparel,BROWN,41,2599.0,2599.0,525.0,,5.0,100
7007007007496,CH-25-G,PARTY,TATTLY THREADS,Apparel,BROWN,42,2599.0,2599.0,525.0,,5.0,100
7007007007497,SND-07-G,PARTY,TATTLY THREADS,Apparel,BLACK,35,2599.0,2599.0,525.0,,5.0,100
7007007007498,SND-07-G,PARTY,TATTLY THREADS,Apparel,BLACK,36,2599.0,2599.0,525.0,,5.0,100
7007007007499,SND-07-G,PARTY,TATTLY THREADS,Apparel,BLACK,37,2599.0,2599.0,525.0,,5.0,100
7007007007500,SND-07-G,PARTY,TATTLY THREADS,Apparel,BLACK,38,2599.0,2599.0,525.0,,5.0,100
7007007007501,SND-07-G,PARTY,TATTLY THREADS,Apparel,BLACK,39,2599.0,2599.0,525.0,,5.0,100
7007007007502,SND-07-G,PARTY,TATTLY THREADS,Apparel,BLACK,40,2599.0,2599.0,525.0,,5.0,100
7007007007503,SND-07-G,PARTY,TATTLY THREADS,Apparel,BLACK,41,2599.0,2599.0,525.0,,5.0,100
7007007007504,SND-07-G,PARTY,TATTLY THREADS,Apparel,BLACK,42,2599.0,2599.0,525.0,,5.0,100
7007007007505,SND-07-G,PARTY,TATTLY THREADS,Apparel,GOLD,35,2599.0,2599.0,525.0,,5.0,100
7007007007506,SND-07-G,PARTY,TATTLY THREADS,Apparel,GOLD,36,2599.0,2599.0,525.0,,5.0,100
7007007007507,SND-07-G,PARTY,TATTLY THREADS,Apparel,GOLD,37,2599.0,2599.0,525.0,,5.0,100
7007007007508,SND-07-G,PARTY,TATTLY THREADS,Apparel,GOLD,38,2599.0,2599.0,525.0,,5.0,100
7007007007509,SND-07-G,PARTY,TATTLY THREADS,Apparel,GOLD,39,2599.0,2599.0,525.0,,5.0,100
7007007007510,SND-07-G,PARTY,TATTLY THREADS,Apparel,GOLD,40,2599.0,2599.0,525.0,,5.0,100
7007007007511,SND-07-G,PARTY,TATTLY THREADS,Apparel,GOLD,41,2599.0,2599.0,525.0,,5.0,100
7007007007512,SND-07-G,PARTY,TATTLY THREADS,Apparel,GOLD,42,2599.0,2599.0,525.0,,5.0,100
7007007007513,CH-26-H,BASIC,TATTLY THREADS,Apparel,BLACK,35,2499.0,2499.0,500.0,,5.0,100
7007007007514,CH-26-H,BASIC,TATTLY THREADS,Apparel,BLACK,36,2499.0,2499.0,500.0,,5.0,100
7007007007515,CH-26-H,BASIC,TATTLY THREADS,Apparel,BLACK,37,2499.0,2499.0,500.0,,5.0,100
7007007007516,CH-26-H,BASIC,TATTLY THREADS,Apparel,BLACK,38,2499.0,2499.0,500.0,,5.0,100
7007007007517,CH-26-H,BASIC,TATTLY THREADS,Apparel,BLACK,39,2499.0,2499.0,500.0,,5.0,100
7007007007518,CH-26-H,BASIC,TATTLY THREADS,Apparel,BLACK,40,2499.0,2499.0,500.0,,5.0,100
7007007007519,CH-26-H,BASIC,TATTLY THREADS,Apparel,BLACK,41,2499.0,2499.0,500.0,,5.0,100
7007007007520,CH-26-H,BASIC,TATTLY THREADS,Apparel,BLACK,42,2499.0,2499.0,500.0,,5.0,100
7007007007521,CH-26-H,BASIC,TATTLY THREADS,Apparel,BRONZE,35,2499.0,2499.0,500.0,,5.0,100
7007007007522,CH-26-H,BASIC,TATTLY THREADS,Apparel,BRONZE,36,2499.0,2499.0,500.0,,5.0,100
7007007007523,CH-26-H,BASIC,TATTLY THREADS,Apparel,BRONZE,37,2499.0,2499.0,500.0,,5.0,100
7007007007524,CH-26-H,BASIC,TATTLY THREADS,Apparel,BRONZE,38,2499.0,2499.0,500.0,,5.0,100
7007007007525,CH-26-H,BASIC,TATTLY THREADS,Apparel,BRONZE,39,2499.0,2499.0,500.0,,5.0,100
7007007007526,CH-26-H,BASIC,TATTLY THREADS,Apparel,BRONZE,40,2499.0,2499.0,500.0,,5.0,100
7007007007527,CH-26-H,BASIC,TATTLY THREADS,Apparel,BRONZE,41,2499.0,2499.0,500.0,,5.0,100
7007007007528,CH-26-H,BASIC,TATTLY THREADS,Apparel,BRONZE,42,2499.0,2499.0,500.0,,5.0,100
7007007007529,SND-08-H,BASIC,TATTLY THREADS,Apparel,BLACK,35,1799.0,1799.0,380.0,,5.0,100
7007007007530,SND-08-H,BASIC,TATTLY THREADS,Apparel,BLACK,36,1799.0,1799.0,380.0,,5.0,100
7007007007531,SND-08-H,BASIC,TATTLY THREADS,Apparel,BLACK,37,1799.0,1799.0,380.0,,5.0,100
7007007007532,SND-08-H,BASIC,TATTLY THREADS,Apparel,BLACK,38,1799.0,1799.0,380.0,,5.0,100
7007007007533,SND-08-H,BASIC,TATTLY THREADS,Apparel,BLACK,39,1799.0,1799.0,380.0,,5.0,100
7007007007534,SND-08-H,BASIC,TATTLY THREADS,Apparel,BLACK,40,1799.0,1799.0,380.0,,5.0,100
7007007007535,SND-08-H,BASIC,TATTLY THREADS,Apparel,BLACK,41,1799.0,1799.0,380.0,,5.0,100
7007007007536,SND-08-H,BASIC,TATTLY THREADS,Apparel,BLACK,42,1799.0,1799.0,380.0,,5.0,100
7007007007537,SND-08-H,BASIC,TATTLY THREADS,Apparel,BEIGE,35,1799.0,1799.0,380.0,,5.0,100
7007007007538,SND-08-H,BASIC,TATTLY THREADS,Apparel,BEIGE,36,1799.0,1799.0,380.0,,5.0,100
7007007007539,SND-08-H,BASIC,TATTLY THREADS,Apparel,BEIGE,37,1799.0,1799.0,380.0,,5.0,100
7007007007540,SND-08-H,BASIC,TATTLY THREADS,Apparel,BEIGE,38,1799.0,1799.0,380.0,,5.0,100
7007007007541,SND-08-H,BASIC,TATTLY THREADS,Apparel,BEIGE,39,1799.0,1799.0,380.0,,5.0,100
7007007007542,SND-08-H,BASIC,TATTLY THREADS,Apparel,BEIGE,40,1799.0,1799.0,380.0,,5.0,100
7007007007543,SND-08-H,BASIC,TATTLY THREADS,Apparel,BEIGE,41,1799.0,1799.0,380.0,,5.0,100
7007007007544,SND-08-H,BASIC,TATTLY THREADS,Apparel,BEIGE,42,1799.0,1799.0,380.0,,5.0,100
7007007007545,SH-01-H,PARTY,TATTLY THREADS,Apparel,BLACK,35,2999.0,2999.0,560.0,,5.0,100
7007007007546,SH-01-H,PARTY,TATTLY THREADS,Apparel,BLACK,36,2999.0,2999.0,560.0,,5.0,100
7007007007547,SH-01-H,PARTY,TATTLY THREADS,Apparel,BLACK,37,2999.0,2999.0,560.0,,5.0,100
7007007007548,SH-01-H,PARTY,TATTLY THREADS,Apparel,BLACK,38,2999.0,2999.0,560.0,,5.0,100
7007007007549,SH-01-H,PARTY,TATTLY THREADS,Apparel,BLACK,39,2999.0,2999.0,560.0,,5.0,100
7007007007550,SH-01-H,PARTY,TATTLY THREADS,Apparel,BLACK,40,2999.0,2999.0,560.0,,5.0,100
7007007007551,SH-01-H,PARTY,TATTLY THREADS,Apparel,BLACK,41,2999.0,2999.0,560.0,,5.0,100
7007007007552,SH-01-H,PARTY,TATTLY THREADS,Apparel,BLACK,42,2999.0,2999.0,560.0,,5.0,100
7007007007553,SH-01-H,PARTY,TATTLY THREADS,Apparel,CREAM,35,2999.0,2999.0,560.0,,5.0,100
7007007007554,SH-01-H,PARTY,TATTLY THREADS,Apparel,CREAM,36,2999.0,2999.0,560.0,,5.0,100
7007007007555,SH-01-H,PARTY,TATTLY THREADS,Apparel,CREAM,37,2999.0,2999.0,560.0,,5.0,100
7007007007556,SH-01-H,PARTY,TATTLY THREADS,Apparel,CREAM,38,2999.0,2999.0,560.0,,5.0,100
7007007007557,SH-01-H,PARTY,TATTLY THREADS,Apparel,CREAM,39,2999.0,2999.0,560.0,,5.0,100
7007007007558,SH-01-H,PARTY,TATTLY THREADS,Apparel,CREAM,40,2999.0,2999.0,560.0,,5.0,100
7007007007559,SH-01-H,PARTY,TATTLY THREADS,Apparel,CREAM,41,2999.0,2999.0,560.0,,5.0,100
7007007007560,SH-01-H,PARTY,TATTLY THREADS,Apparel,CREAM,42,2999.0,2999.0,560.0,,5.0,100
7007007007561,CH-27-H,REGULAR,TATTLY THREADS,Apparel,BLACK,35,1799.0,1799.0,380.0,,5.0,100
7007007007562,CH-27-H,REGULAR,TATTLY THREADS,Apparel,BLACK,36,1799.0,1799.0,380.0,,5.0,100
7007007007563,CH-27-H,REGULAR,TATTLY THREADS,Apparel,BLACK,37,1799.0,1799.0,380.0,,5.0,100
7007007007564,CH-27-H,REGULAR,TATTLY THREADS,Apparel,BLACK,38,1799.0,1799.0,380.0,,5.0,100
7007007007565,CH-27-H,REGULAR,TATTLY THREADS,Apparel,BLACK,39,1799.0,1799.0,380.0,,5.0,100
7007007007566,CH-27-H,REGULAR,TATTLY THREADS,Apparel,BLACK,40,1799.0,1799.0,380.0,,5.0,100
7007007007567,CH-27-H,REGULAR,TATTLY THREADS,Apparel,BLACK,41,1799.0,1799.0,380.0,,5.0,100
7007007007568,CH-27-H,REGULAR,TATTLY THREADS,Apparel,BLACK,42,1799.0,1799.0,380.0,,5.0,100
7007007007569,CH-27-H,REGULAR,TATTLY THREADS,Apparel,CHIKKU,35,1799.0,1799.0,380.0,,5.0,100
7007007007570,CH-27-H,REGULAR,TATTLY THREADS,Apparel,CHIKKU,36,1799.0,1799.0,380.0,,5.0,100
7007007007571,CH-27-H,REGULAR,TATTLY THREADS,Apparel,CHIKKU,37,1799.0,1799.0,380.0,,5.0,100
7007007007572,CH-27-H,REGULAR,TATTLY THREADS,Apparel,CHIKKU,38,1799.0,1799.0,380.0,,5.0,100
7007007007573,CH-27-H,REGULAR,TATTLY THREADS,Apparel,CHIKKU,39,1799.0,1799.0,380.0,,5.0,100
7007007007574,CH-27-H,REGULAR,TATTLY THREADS,Apparel,CHIKKU,40,1799.0,1799.0,380.0,,5.0,100
7007007007575,CH-27-H,REGULAR,TATTLY THREADS,Apparel,CHIKKU,41,1799.0,1799.0,380.0,,5.0,100
7007007007576,CH-27-H,REGULAR,TATTLY THREADS,Apparel,CHIKKU,42,1799.0,1799.0,380.0,,5.0,100
7007007007577,1383,KORA,KORA,Apparel,SULTAN,36,1699.0,1699.0,0.0,6402,5.0,100
7007007007578,1383,KORA,KORA,Apparel,SULTAN,37,1699.0,1699.0,0.0,6402,5.0,100
7007007007579,1383,KORA,KORA,Apparel,SULTAN,38,1699.0,1699.0,0.0,6402,5.0,100
7007007007580,1383,KORA,KORA,Apparel,SULTAN,39,1699.0,1699.0,0.0,6402,5.0,100
7007007007581,1383,KORA,KORA,Apparel,SULTAN,40,1699.0,1699.0,0.0,6402,5.0,100
7007007007582,1383,KORA,KORA,Apparel,SULTAN,41,1699.0,1699.0,0.0,6402,5.0,100
7007007007583,1383,KORA,KORA,Apparel,SULTAN,42,1699.0,1699.0,0.0,6402,5.0,100
7007007007584,1384,KORA,KORA,Apparel,BLACK,36,1699.0,1699.0,0.0,6402,5.0,100
7007007007585,1384,KORA,KORA,Apparel,BLACK,37,1699.0,1699.0,0.0,6402,5.0,100
7007007007586,1384,KORA,KORA,Apparel,BLACK,38,1699.0,1699.0,0.0,6402,5.0,100
7007007007587,1384,KORA,KORA,Apparel,BLACK,39,1699.0,1699.0,0.0,6402,5.0,100
7007007007588,1384,KORA,KORA,Apparel,BLACK,40,1699.0,1699.0,0.0,6402,5.0,100
7007007007589,1384,KORA,KORA,Apparel,BLACK,41,1699.0,1699.0,0.0,6402,5.0,100
7007007007590,1384,KORA,KORA,Apparel,BLACK,42,1699.0,1699.0,0.0,6402,5.0,100
7007007007591,1570,KORA,KORA,Apparel,BLACK,36,1499.0,1499.0,0.0,6402,5.0,100
7007007007592,1570,KORA,KORA,Apparel,BLACK,37,1499.0,1499.0,0.0,6402,5.0,100
7007007007593,1570,KORA,KORA,Apparel,BLACK,38,1499.0,1499.0,0.0,6402,5.0,100
7007007007594,1570,KORA,KORA,Apparel,BLACK,39,1499.0,1499.0,0.0,6402,5.0,100
7007007007595,1570,KORA,KORA,Apparel,BLACK,40,1499.0,1499.0,0.0,6402,5.0,100
7007007007596,1570,KORA,KORA,Apparel,BLACK,41,1499.0,1499.0,0.0,6402,5.0,100
7007007007597,1570,KORA,KORA,Apparel,BLACK,42,1499.0,1499.0,0.0,6402,5.0,100
7007007007598,2110,KORA,KORA,Apparel,BLACK,36,1299.0,1299.0,0.0,6402,5.0,100
7007007007599,2110,KORA,KORA,Apparel,BLACK,37,1299.0,1299.0,0.0,6402,5.0,100
7007007007600,2110,KORA,KORA,Apparel,BLACK,38,1299.0,1299.0,0.0,6402,5.0,100
7007007007601,2110,KORA,KORA,Apparel,BLACK,39,1299.0,1299.0,0.0,6402,5.0,100
7007007007602,2110,KORA,KORA,Apparel,BLACK,40,1299.0,1299.0,0.0,6402,5.0,100
7007007007603,2110,KORA,KORA,Apparel,BLACK,41,1299.0,1299.0,0.0,6402,5.0,100
7007007007604,2110,KORA,KORA,Apparel,BLACK,42,1299.0,1299.0,0.0,6402,5.0,100
7007007007605,2130,KORA,KORA,Apparel,ANTIQUE,36,1899.0,1899.0,0.0,6402,5.0,100
7007007007606,2130,KORA,KORA,Apparel,ANTIQUE,37,1899.0,1899.0,0.0,6402,5.0,100
7007007007607,2130,KORA,KORA,Apparel,ANTIQUE,38,1899.0,1899.0,0.0,6402,5.0,100
7007007007608,2130,KORA,KORA,Apparel,ANTIQUE,39,1899.0,1899.0,0.0,6402,5.0,100
7007007007609,2130,KORA,KORA,Apparel,ANTIQUE,40,1899.0,1899.0,0.0,6402,5.0,100
7007007007610,2130,KORA,KORA,Apparel,ANTIQUE,41,1899.0,1899.0,0.0,6402,5.0,100
7007007007611,2130,KORA,KORA,Apparel,ANTIQUE,42,1899.0,1899.0,0.0,6402,5.0,100
7007007007612,2052,KORA,KORA,Apparel,BEIGE,36,1299.0,1299.0,0.0,6402,5.0,100
7007007007613,2052,KORA,KORA,Apparel,BEIGE,37,1299.0,1299.0,0.0,6402,5.0,100
7007007007614,2052,KORA,KORA,Apparel,BEIGE,38,1299.0,1299.0,0.0,6402,5.0,100
7007007007615,2052,KORA,KORA,Apparel,BEIGE,39,1299.0,1299.0,0.0,6402,5.0,100
7007007007616,2052,KORA,KORA,Apparel,BEIGE,40,1299.0,1299.0,0.0,6402,5.0,100
7007007007617,2052,KORA,KORA,Apparel,BEIGE,41,1299.0,1299.0,0.0,6402,5.0,100
7007007007618,2052,KORA,KORA,Apparel,BEIGE,42,1299.0,1299.0,0.0,6402,5.0,100
7007007007619,2100,KORA,KORA,Apparel,ANTIQUE,36,1999.0,1999.0,0.0,6402,5.0,100
7007007007620,2100,KORA,KORA,Apparel,ANTIQUE,37,1999.0,1999.0,0.0,6402,5.0,100
7007007007621,2100,KORA,KORA,Apparel,ANTIQUE,38,1999.0,1999.0,0.0,6402,5.0,100
7007007007622,2100,KORA,KORA,Apparel,ANTIQUE,39,1999.0,1999.0,0.0,6402,5.0,100
7007007007623,2100,KORA,KORA,Apparel,ANTIQUE,40,1999.0,1999.0,0.0,6402,5.0,100
7007007007624,2100,KORA,KORA,Apparel,ANTIQUE,41,1999.0,1999.0,0.0,6402,5.0,100
7007007007625,2100,KORA,KORA,Apparel,ANTIQUE,42,1999.0,1999.0,0.0,6402,5.0,100
7007007007626,1212,KORA,KORA,Apparel,BLACK,36,1699.0,1699.0,0.0,6402,5.0,100
7007007007627,1212,KORA,KORA,Apparel,BLACK,37,1699.0,1699.0,0.0,6402,5.0,100
7007007007628,1212,KORA,KORA,Apparel,BLACK,38,1699.0,1699.0,0.0,6402,5.0,100
7007007007629,1212,KORA,KORA,Apparel,BLACK,39,1699.0,1699.0,0.0,6402,5.0,100
7007007007630,1212,KORA,KORA,Apparel,BLACK,40,1699.0,1699.0,0.0,6402,5.0,100
7007007007631,1212,KORA,KORA,Apparel,BLACK,41,1699.0,1699.0,0.0,6402,5.0,100
7007007007632,1212,KORA,KORA,Apparel,BLACK,42,1699.0,1699.0,0.0,6402,5.0,100
7007007007633,2004,KORA,KORA,Apparel,WHITE,36,1299.0,1299.0,0.0,6402,5.0,100
7007007007634,2004,KORA,KORA,Apparel,WHITE,37,1299.0,1299.0,0.0,6402,5.0,100
7007007007635,2004,KORA,KORA,Apparel,WHITE,38,1299.0,1299.0,0.0,6402,5.0,100
7007007007636,2004,KORA,KORA,Apparel,WHITE,39,1299.0,1299.0,0.0,6402,5.0,100
7007007007637,2004,KORA,KORA,Apparel,WHITE,40,1299.0,1299.0,0.0,6402,5.0,100
7007007007638,2004,KORA,KORA,Apparel,WHITE,41,1299.0,1299.0,0.0,6402,5.0,100
7007007007639,2004,KORA,KORA,Apparel,WHITE,42,1299.0,1299.0,0.0,6402,5.0,100
7007007007640,2039,KORA,KORA,Apparel,BEIGE,36,1999.0,1999.0,0.0,6402,5.0,100
7007007007641,2039,KORA,KORA,Apparel,BEIGE,37,1999.0,1999.0,0.0,6402,5.0,100
7007007007642,2039,KORA,KORA,Apparel,BEIGE,38,1999.0,1999.0,0.0,6402,5.0,100
7007007007643,2039,KORA,KORA,Apparel,BEIGE,39,1999.0,1999.0,0.0,6402,5.0,100
7007007007644,2039,KORA,KORA,Apparel,BEIGE,40,1999.0,1999.0,0.0,6402,5.0,100
7007007007645,2039,KORA,KORA,Apparel,BEIGE,41,1999.0,1999.0,0.0,6402,5.0,100
7007007007646,2039,KORA,KORA,Apparel,BEIGE,42,1999.0,1999.0,0.0,6402,5.0,100
7007007007647,1247,KORA,KORA,Apparel,GUNMETAL,36,1899.0,1899.0,0.0,6402,5.0,100
7007007007648,1247,KORA,KORA,Apparel,GUNMETAL,37,1899.0,1899.0,0.0,6402,5.0,100
7007007007649,1247,KORA,KORA,Apparel,GUNMETAL,38,1899.0,1899.0,0.0,6402,5.0,100
7007007007650,1247,KORA,KORA,Apparel,GUNMETAL,39,1899.0,1899.0,0.0,6402,5.0,100
7007007007651,1247,KORA,KORA,Apparel,GUNMETAL,40,1899.0,1899.0,0.0,6402,5.0,100
7007007007652,1247,KORA,KORA,Apparel,GUNMETAL,41,1899.0,1899.0,0.0,6402,5.0,100
7007007007653,1247,KORA,KORA,Apparel,GUNMETAL,42,1899.0,1899.0,0.0,6402,5.0,100
7007007007654,1244,KORA,KORA,Apparel,ANTIQUE,36,1899.0,1899.0,0.0,6402,5.0,100
7007007007655,1244,KORA,KORA,Apparel,ANTIQUE,37,1899.0,1899.0,0.0,6402,5.0,100
7007007007656,1244,KORA,KORA,Apparel,ANTIQUE,38,1899.0,1899.0,0.0,6402,5.0,100
7007007007657,1244,KORA,KORA,Apparel,ANTIQUE,39,1899.0,1899.0,0.0,6402,5.0,100
7007007007658,1244,KORA,KORA,Apparel,ANTIQUE,40,1899.0,1899.0,0.0,6402,5.0,100
7007007007659,1244,KORA,KORA,Apparel,ANTIQUE,41,1899.0,1899.0,0.0,6402,5.0,100
7007007007660,1244,KORA,KORA,Apparel,ANTIQUE,42,1899.0,1899.0,0.0,6402,5.0,100
7007007007661,2006,KORA,KORA,Apparel,CREAM,36,1299.0,1299.0,0.0,6402,5.0,100
7007007007662,2006,KORA,KORA,Apparel,CREAM,37,1299.0,1299.0,0.0,6402,5.0,100
7007007007663,2006,KORA,KORA,Apparel,CREAM,38,1299.0,1299.0,0.0,6402,5.0,100
7007007007664,2006,KORA,KORA,Apparel,CREAM,39,1299.0,1299.0,0.0,6402,5.0,100
7007007007665,2006,KORA,KORA,Apparel,CREAM,40,1299.0,1299.0,0.0,6402,5.0,100
7007007007666,2006,KORA,KORA,Apparel,CREAM,41,1299.0,1299.0,0.0,6402,5.0,100
7007007007667,2006,KORA,KORA,Apparel,CREAM,42,1299.0,1299.0,0.0,6402,5.0,100
7007007007668,1234,KORA,KORA,Apparel,BLACK,36,1699.0,1699.0,0.0,6402,5.0,100
7007007007669,1234,KORA,KORA,Apparel,BLACK,37,1699.0,1699.0,0.0,6402,5.0,100
7007007007670,1234,KORA,KORA,Apparel,BLACK,38,1699.0,1699.0,0.0,6402,5.0,100
7007007007671,1234,KORA,KORA,Apparel,BLACK,39,1699.0,1699.0,0.0,6402,5.0,100
7007007007672,1234,KORA,KORA,Apparel,BLACK,40,1699.0,1699.0,0.0,6402,5.0,100
7007007007673,1234,KORA,KORA,Apparel,BLACK,41,1699.0,1699.0,0.0,6402,5.0,100
7007007007674,1234,KORA,KORA,Apparel,BLACK,42,1699.0,1699.0,0.0,6402,5.0,100
7007007007675,1496,KORA,KORA,Apparel,BLACK,36,1299.0,1299.0,0.0,6402,5.0,100
7007007007676,1496,KORA,KORA,Apparel,BLACK,37,1299.0,1299.0,0.0,6402,5.0,100
7007007007677,1496,KORA,KORA,Apparel,BLACK,38,1299.0,1299.0,0.0,6402,5.0,100
7007007007678,1496,KORA,KORA,Apparel,BLACK,39,1299.0,1299.0,0.0,6402,5.0,100
7007007007679,1496,KORA,KORA,Apparel,BLACK,40,1299.0,1299.0,0.0,6402,5.0,100
7007007007680,1496,KORA,KORA,Apparel,BLACK,41,1299.0,1299.0,0.0,6402,5.0,100
7007007007681,1496,KORA,KORA,Apparel,BLACK,42,1299.0,1299.0,0.0,6402,5.0,100
7007007007682,2031,KORA,KORA,Apparel,BLACK,36,1799.0,1799.0,0.0,6402,5.0,100
7007007007683,2031,KORA,KORA,Apparel,BLACK,37,1799.0,1799.0,0.0,6402,5.0,100
7007007007684,2031,KORA,KORA,Apparel,BLACK,38,1799.0,1799.0,0.0,6402,5.0,100
7007007007685,2031,KORA,KORA,Apparel,BLACK,39,1799.0,1799.0,0.0,6402,5.0,100
7007007007686,2031,KORA,KORA,Apparel,BLACK,40,1799.0,1799.0,0.0,6402,5.0,100
7007007007687,2031,KORA,KORA,Apparel,BLACK,41,1799.0,1799.0,0.0,6402,5.0,100
7007007007688,2031,KORA,KORA,Apparel,BLACK,42,1799.0,1799.0,0.0,6402,5.0,100
7007007007689,1057,KORA,KORA,Apparel,OF - WHITE,36,1499.0,1499.0,0.0,6402,5.0,100
7007007007690,1057,KORA,KORA,Apparel,OF - WHITE,37,1499.0,1499.0,0.0,6402,5.0,100
7007007007691,1057,KORA,KORA,Apparel,OF - WHITE,38,1499.0,1499.0,0.0,6402,5.0,100
7007007007692,1057,KORA,KORA,Apparel,OF - WHITE,39,1499.0,1499.0,0.0,6402,5.0,100
7007007007693,1057,KORA,KORA,Apparel,OF - WHITE,40,1499.0,1499.0,0.0,6402,5.0,100
7007007007694,1057,KORA,KORA,Apparel,OF - WHITE,41,1499.0,1499.0,0.0,6402,5.0,100
7007007007695,1057,KORA,KORA,Apparel,OF - WHITE,42,1499.0,1499.0,0.0,6402,5.0,100
7007007007696,30002,KORA,KORA,Apparel,BROWN,36,1999.0,1999.0,0.0,6402,5.0,100
7007007007697,30002,KORA,KORA,Apparel,BROWN,37,1999.0,1999.0,0.0,6402,5.0,100
7007007007698,30002,KORA,KORA,Apparel,BROWN,38,1999.0,1999.0,0.0,6402,5.0,100
7007007007699,30002,KORA,KORA,Apparel,BROWN,39,1999.0,1999.0,0.0,6402,5.0,100
7007007007700,30002,KORA,KORA,Apparel,BROWN,40,1999.0,1999.0,0.0,6402,5.0,100
7007007007701,30002,KORA,KORA,Apparel,BROWN,41,1999.0,1999.0,0.0,6402,5.0,100
7007007007702,30002,KORA,KORA,Apparel,BROWN,42,1999.0,1999.0,0.0,6402,5.0,100
7007007007703,30003,KORA,KORA,Apparel,BLACK,36,2199.0,2199.0,0.0,6402,5.0,100
7007007007704,30003,KORA,KORA,Apparel,BLACK,37,2199.0,2199.0,0.0,6402,5.0,100
7007007007705,30003,KORA,KORA,Apparel,BLACK,38,2199.0,2199.0,0.0,6402,5.0,100
7007007007706,30003,KORA,KORA,Apparel,BLACK,39,2199.0,2199.0,0.0,6402,5.0,100
7007007007707,30003,KORA,KORA,Apparel,BLACK,40,2199.0,2199.0,0.0,6402,5.0,100
7007007007708,30003,KORA,KORA,Apparel,BLACK,41,2199.0,2199.0,0.0,6402,5.0,100
7007007007709,30003,KORA,KORA,Apparel,BLACK,42,2199.0,2199.0,0.0,6402,5.0,100
7007007007710,20003,KORA,KORA,Apparel,BLACK,36,1599.0,1599.0,0.0,6402,5.0,100
7007007007711,20003,KORA,KORA,Apparel,BLACK,37,1599.0,1599.0,0.0,6402,5.0,100
7007007007712,20003,KORA,KORA,Apparel,BLACK,38,1599.0,1599.0,0.0,6402,5.0,100
7007007007713,20003,KORA,KORA,Apparel,BLACK,39,1599.0,1599.0,0.0,6402,5.0,100
7007007007714,20003,KORA,KORA,Apparel,BLACK,40,1599.0,1599.0,0.0,6402,5.0,100
7007007007715,20003,KORA,KORA,Apparel,BLACK,41,1599.0,1599.0,0.0,6402,5.0,100
7007007007716,20003,KORA,KORA,Apparel,BLACK,42,1599.0,1599.0,0.0,6402,5.0,100
7007007007717,30006,KORA,KORA,Apparel,BLACK,36,2199.0,2199.0,0.0,6402,5.0,100
7007007007718,30006,KORA,KORA,Apparel,BLACK,37,2199.0,2199.0,0.0,6402,5.0,100
7007007007719,30006,KORA,KORA,Apparel,BLACK,38,2199.0,2199.0,0.0,6402,5.0,100
7007007007720,30006,KORA,KORA,Apparel,BLACK,39,2199.0,2199.0,0.0,6402,5.0,100
7007007007721,30006,KORA,KORA,Apparel,BLACK,40,2199.0,2199.0,0.0,6402,5.0,100
7007007007722,30006,KORA,KORA,Apparel,BLACK,41,2199.0,2199.0,0.0,6402,5.0,100
7007007007723,30006,KORA,KORA,Apparel,BLACK,42,2199.0,2199.0,0.0,6402,5.0,100
7007007007724,30005,KORA,KORA,Apparel,BLACK,36,2199.0,2199.0,0.0,6402,5.0,100
7007007007725,30005,KORA,KORA,Apparel,BLACK,37,2199.0,2199.0,0.0,6402,5.0,100
7007007007726,30005,KORA,KORA,Apparel,BLACK,38,2199.0,2199.0,0.0,6402,5.0,100
7007007007727,30005,KORA,KORA,Apparel,BLACK,39,2199.0,2199.0,0.0,6402,5.0,100
7007007007728,30005,KORA,KORA,Apparel,BLACK,40,2199.0,2199.0,0.0,6402,5.0,100
7007007007729,30005,KORA,KORA,Apparel,BLACK,41,2199.0,2199.0,0.0,6402,5.0,100
7007007007730,30005,KORA,KORA,Apparel,BLACK,42,2199.0,2199.0,0.0,6402,5.0,100
7007007007731,10002,KORA,KORA,Apparel,BLACK,36,1799.0,1799.0,0.0,6402,5.0,100
7007007007732,10002,KORA,KORA,Apparel,BLACK,37,1799.0,1799.0,0.0,6402,5.0,100
7007007007733,10002,KORA,KORA,Apparel,BLACK,38,1799.0,1799.0,0.0,6402,5.0,100
7007007007734,10002,KORA,KORA,Apparel,BLACK,39,1799.0,1799.0,0.0,6402,5.0,100
7007007007735,10002,KORA,KORA,Apparel,BLACK,40,1799.0,1799.0,0.0,6402,5.0,100
7007007007736,10002,KORA,KORA,Apparel,BLACK,41,1799.0,1799.0,0.0,6402,5.0,100
7007007007737,10002,KORA,KORA,Apparel,BLACK,42,1799.0,1799.0,0.0,6402,5.0,100
7007007007738,10003,KORA,KORA,Apparel,BLACK,36,1599.0,1599.0,0.0,6402,5.0,100
7007007007739,10003,KORA,KORA,Apparel,BLACK,37,1599.0,1599.0,0.0,6402,5.0,100
7007007007740,10003,KORA,KORA,Apparel,BLACK,38,1599.0,1599.0,0.0,6402,5.0,100
7007007007741,10003,KORA,KORA,Apparel,BLACK,39,1599.0,1599.0,0.0,6402,5.0,100
7007007007742,10003,KORA,KORA,Apparel,BLACK,40,1599.0,1599.0,0.0,6402,5.0,100
7007007007743,10003,KORA,KORA,Apparel,BLACK,41,1599.0,1599.0,0.0,6402,5.0,100
7007007007744,10003,KORA,KORA,Apparel,BLACK,42,1599.0,1599.0,0.0,6402,5.0,100
7007007007745,10012,KORA,KORA,Apparel,BLACK,36,1899.0,1899.0,0.0,6402,5.0,100
7007007007746,10012,KORA,KORA,Apparel,BLACK,37,1899.0,1899.0,0.0,6402,5.0,100
7007007007747,10012,KORA,KORA,Apparel,BLACK,38,1899.0,1899.0,0.0,6402,5.0,100
7007007007748,10012,KORA,KORA,Apparel,BLACK,39,1899.0,1899.0,0.0,6402,5.0,100
7007007007749,10012,KORA,KORA,Apparel,BLACK,40,1899.0,1899.0,0.0,6402,5.0,100
7007007007750,10012,KORA,KORA,Apparel,BLACK,41,1899.0,1899.0,0.0,6402,5.0,100
7007007007751,10012,KORA,KORA,Apparel,BLACK,42,1899.0,1899.0,0.0,6402,5.0,100
7007007007752,30007,KORA,KORA,Apparel,BLACK,36,2199.0,2199.0,0.0,6402,5.0,100
7007007007753,30007,KORA,KORA,Apparel,BLACK,37,2199.0,2199.0,0.0,6402,5.0,100
7007007007754,30007,KORA,KORA,Apparel,BLACK,38,2199.0,2199.0,0.0,6402,5.0,100
7007007007755,30007,KORA,KORA,Apparel,BLACK,39,2199.0,2199.0,0.0,6402,5.0,100
7007007007756,30007,KORA,KORA,Apparel,BLACK,40,2199.0,2199.0,0.0,6402,5.0,100
7007007007757,30007,KORA,KORA,Apparel,BLACK,41,2199.0,2199.0,0.0,6402,5.0,100
7007007007758,30007,KORA,KORA,Apparel,BLACK,42,2199.0,2199.0,0.0,6402,5.0,100
7007007007759,1013,KORA,KORA,Apparel,BLACK,36,1799.0,1799.0,0.0,6402,5.0,100
7007007007760,1013,KORA,KORA,Apparel,BLACK,37,1799.0,1799.0,0.0,6402,5.0,100
7007007007761,1013,KORA,KORA,Apparel,BLACK,38,1799.0,1799.0,0.0,6402,5.0,100
7007007007762,1013,KORA,KORA,Apparel,BLACK,39,1799.0,1799.0,0.0,6402,5.0,100
7007007007763,1013,KORA,KORA,Apparel,BLACK,40,1799.0,1799.0,0.0,6402,5.0,100
7007007007764,1013,KORA,KORA,Apparel,BLACK,41,1799.0,1799.0,0.0,6402,5.0,100
7007007007765,1013,KORA,KORA,Apparel,BLACK,42,1799.0,1799.0,0.0,6402,5.0,100
7007007007766,30004,KORA,KORA,Apparel,BLACK,36,2199.0,2199.0,0.0,6402,5.0,100
7007007007767,30004,KORA,KORA,Apparel,BLACK,37,2199.0,2199.0,0.0,6402,5.0,100
7007007007768,30004,KORA,KORA,Apparel,BLACK,38,2199.0,2199.0,0.0,6402,5.0,100
7007007007769,30004,KORA,KORA,Apparel,BLACK,39,2199.0,2199.0,0.0,6402,5.0,100
7007007007770,30004,KORA,KORA,Apparel,BLACK,40,2199.0,2199.0,0.0,6402,5.0,100
7007007007771,30004,KORA,KORA,Apparel,BLACK,41,2199.0,2199.0,0.0,6402,5.0,100
7007007007772,30004,KORA,KORA,Apparel,BLACK,42,2199.0,2199.0,0.0,6402,5.0,100
7007007007773,30001,KORA,KORA,Apparel,BLACK,36,1999.0,1999.0,0.0,6402,5.0,100
7007007007774,30001,KORA,KORA,Apparel,BLACK,37,1999.0,1999.0,0.0,6402,5.0,100
7007007007775,30001,KORA,KORA,Apparel,BLACK,38,1999.0,1999.0,0.0,6402,5.0,100
7007007007776,30001,KORA,KORA,Apparel,BLACK,39,1999.0,1999.0,0.0,6402,5.0,100
7007007007777,30001,KORA,KORA,Apparel,BLACK,40,1999.0,1999.0,0.0,6402,5.0,100
7007007007778,30001,KORA,KORA,Apparel,BLACK,41,1999.0,1999.0,0.0,6402,5.0,100
7007007007779,30001,KORA,KORA,Apparel,BLACK,42,1999.0,1999.0,0.0,6402,5.0,100
7007007007780,20016,KORA,KORA,Apparel,BLACK,36,1899.0,1899.0,0.0,6402,5.0,100
7007007007781,20016,KORA,KORA,Apparel,BLACK,37,1899.0,1899.0,0.0,6402,5.0,100
7007007007782,20016,KORA,KORA,Apparel,BLACK,38,1899.0,1899.0,0.0,6402,5.0,100
7007007007783,20016,KORA,KORA,Apparel,BLACK,39,1899.0,1899.0,0.0,6402,5.0,100
7007007007784,20016,KORA,KORA,Apparel,BLACK,40,1899.0,1899.0,0.0,6402,5.0,100
7007007007785,20016,KORA,KORA,Apparel,BLACK,41,1899.0,1899.0,0.0,6402,5.0,100
7007007007786,20016,KORA,KORA,Apparel,BLACK,42,1899.0,1899.0,0.0,6402,5.0,100
7007007007787,2006,KORA,KORA,Apparel,BLACK,36,1499.0,1499.0,0.0,6402,5.0,100
7007007007788,2006,KORA,KORA,Apparel,BLACK,37,1499.0,1499.0,0.0,6402,5.0,100
7007007007789,2006,KORA,KORA,Apparel,BLACK,38,1499.0,1499.0,0.0,6402,5.0,100
7007007007790,2006,KORA,KORA,Apparel,BLACK,39,1499.0,1499.0,0.0,6402,5.0,100
7007007007791,2006,KORA,KORA,Apparel,BLACK,40,1499.0,1499.0,0.0,6402,5.0,100
7007007007792,2006,KORA,KORA,Apparel,BLACK,41,1499.0,1499.0,0.0,6402,5.0,100
7007007007793,2006,KORA,KORA,Apparel,BLACK,42,1499.0,1499.0,0.0,6402,5.0,100
7007007007794,2006,KORA,KORA,Apparel,CREAM,36,1499.0,1499.0,0.0,6402,5.0,100
7007007007795,2006,KORA,KORA,Apparel,CREAM,37,1499.0,1499.0,0.0,6402,5.0,100
7007007007796,2006,KORA,KORA,Apparel,CREAM,38,1499.0,1499.0,0.0,6402,5.0,100
7007007007797,2006,KORA,KORA,Apparel,CREAM,39,1499.0,1499.0,0.0,6402,5.0,100
7007007007798,2006,KORA,KORA,Apparel,CREAM,40,1499.0,1499.0,0.0,6402,5.0,100
7007007007799,2006,KORA,KORA,Apparel,CREAM,41,1499.0,1499.0,0.0,6402,5.0,100
7007007007800,2006,KORA,KORA,Apparel,CREAM,42,1499.0,1499.0,0.0,6402,5.0,100
7007007007801,20001,KORA,KORA,Apparel,BLACK,36,1999.0,1999.0,0.0,6402,5.0,100
7007007007802,20001,KORA,KORA,Apparel,BLACK,37,1999.0,1999.0,0.0,6402,5.0,100
7007007007803,20001,KORA,KORA,Apparel,BLACK,38,1999.0,1999.0,0.0,6402,5.0,100
7007007007804,20001,KORA,KORA,Apparel,BLACK,39,1999.0,1999.0,0.0,6402,5.0,100
7007007007805,20001,KORA,KORA,Apparel,BLACK,40,1999.0,1999.0,0.0,6402,5.0,100
7007007007806,20001,KORA,KORA,Apparel,BLACK,41,1999.0,1999.0,0.0,6402,5.0,100
7007007007807,20001,KORA,KORA,Apparel,BLACK,42,1999.0,1999.0,0.0,6402,5.0,100
7007007007808,20001,KORA,KORA,Apparel,BEIGE,36,1999.0,1999.0,0.0,6402,5.0,100
7007007007809,20001,KORA,KORA,Apparel,BEIGE,37,1999.0,1999.0,0.0,6402,5.0,100
7007007007810,20001,KORA,KORA,Apparel,BEIGE,38,1999.0,1999.0,0.0,6402,5.0,100
7007007007811,20001,KORA,KORA,Apparel,BEIGE,39,1999.0,1999.0,0.0,6402,5.0,100
7007007007812,20001,KORA,KORA,Apparel,BEIGE,40,1999.0,1999.0,0.0,6402,5.0,100
7007007007813,20001,KORA,KORA,Apparel,BEIGE,41,1999.0,1999.0,0.0,6402,5.0,100
7007007007814,20001,KORA,KORA,Apparel,BEIGE,42,1999.0,1999.0,0.0,6402,5.0,100
7007007007815,10019,KORA,KORA,Apparel,BLACK,36,1399.0,1399.0,0.0,6402,5.0,100
7007007007816,10019,KORA,KORA,Apparel,BLACK,37,1399.0,1399.0,0.0,6402,5.0,100
7007007007817,10019,KORA,KORA,Apparel,BLACK,38,1399.0,1399.0,0.0,6402,5.0,100
7007007007818,10019,KORA,KORA,Apparel,BLACK,39,1399.0,1399.0,0.0,6402,5.0,100
7007007007819,10019,KORA,KORA,Apparel,BLACK,40,1399.0,1399.0,0.0,6402,5.0,100
7007007007820,10019,KORA,KORA,Apparel,BLACK,41,1399.0,1399.0,0.0,6402,5.0,100
7007007007821,10019,KORA,KORA,Apparel,BLACK,42,1399.0,1399.0,0.0,6402,5.0,100
7007007007822,10019,KORA,KORA,Apparel,BEIGE,36,1399.0,1399.0,0.0,6402,5.0,100
7007007007823,10019,KORA,KORA,Apparel,BEIGE,37,1399.0,1399.0,0.0,6402,5.0,100
7007007007824,10019,KORA,KORA,Apparel,BEIGE,38,1399.0,1399.0,0.0,6402,5.0,100
7007007007825,10019,KORA,KORA,Apparel,BEIGE,39,1399.0,1399.0,0.0,6402,5.0,100
7007007007826,10019,KORA,KORA,Apparel,BEIGE,40,1399.0,1399.0,0.0,6402,5.0,100
7007007007827,10019,KORA,KORA,Apparel,BEIGE,41,1399.0,1399.0,0.0,6402,5.0,100
7007007007828,10019,KORA,KORA,Apparel,BEIGE,42,1399.0,1399.0,0.0,6402,5.0,100
7007007007829,2097,KORA,KORA,Apparel,BLACK,36,1499.0,1499.0,0.0,6402,5.0,100
7007007007830,2097,KORA,KORA,Apparel,BLACK,37,1499.0,1499.0,0.0,6402,5.0,100
7007007007831,2097,KORA,KORA,Apparel,BLACK,38,1499.0,1499.0,0.0,6402,5.0,100
7007007007832,2097,KORA,KORA,Apparel,BLACK,39,1499.0,1499.0,0.0,6402,5.0,100
7007007007833,2097,KORA,KORA,Apparel,BLACK,40,1499.0,1499.0,0.0,6402,5.0,100
7007007007834,2097,KORA,KORA,Apparel,BLACK,41,1499.0,1499.0,0.0,6402,5.0,100
7007007007835,2097,KORA,KORA,Apparel,BLACK,42,1499.0,1499.0,0.0,6402,5.0,100
7007007007836,2097,KORA,KORA,Apparel,PISTA,36,1499.0,1499.0,0.0,6402,5.0,100
7007007007837,2097,KORA,KORA,Apparel,PISTA,37,1499.0,1499.0,0.0,6402,5.0,100
7007007007838,2097,KORA,KORA,Apparel,PISTA,38,1499.0,1499.0,0.0,6402,5.0,100
7007007007839,2097,KORA,KORA,Apparel,PISTA,39,1499.0,1499.0,0.0,6402,5.0,100
7007007007840,2097,KORA,KORA,Apparel,PISTA,40,1499.0,1499.0,0.0,6402,5.0,100
7007007007841,2097,KORA,KORA,Apparel,PISTA,41,1499.0,1499.0,0.0,6402,5.0,100
7007007007842,2097,KORA,KORA,Apparel,PISTA,42,1499.0,1499.0,0.0,6402,5.0,100
